lyr_06226,mil_0565,TRUE
lyr_00261,mil_0261,FALSE
lyr_00270,mil_0270,FALSE
lyr_10800,mil_3830,TRUE
lyr_03581,mil_4132,TRUE
lyr_06326,mil_1255,TRUE
lyr_00201,mil_0201,FALSE
lyr_09128,mil_3465,TRUE
lyr_08146,mil_4560,TRUE
lyr_01770,mil_1787,TRUE
lyr_02744,mil_4751,TRUE
lyr_03653,mil_0295,TRUE
lyr_00015,mil_0015,FALSE
lyr_05552,mil_1479,TRUE
lyr_00453,mil_2903,TRUE
lyr_10716,mil_3830,TRUE
lyr_12304,mil_1556,TRUE
lyr_00415,mil_0415,FALSE
lyr_06366,mil_1977,TRUE
lyr_07089,mil_4633,TRUE
lyr_02595,mil_3858,TRUE
lyr_03571,mil_3211,TRUE
lyr_06272,mil_1255,TRUE
lyr_11247,mil_1371,TRUE
lyr_01412,mil_0721,TRUE
lyr_01723,mil_1787,TRUE
lyr_10891,mil_0143,TRUE
lyr_08856,mil_1907,TRUE
lyr_01118,mil_2759,TRUE
lyr_10822,mil_1007,TRUE
lyr_00451,mil_0451,FALSE
lyr_10836,mil_0276,TRUE
lyr_10929,mil_0493,TRUE
lyr_03339,mil_2349,TRUE
lyr_00163,mil_0163,FALSE
lyr_10691,mil_3795,TRUE
lyr_05536,mil_0427,TRUE
lyr_03832,mil_3724,TRUE
lyr_05535,mil_3375,TRUE
lyr_07242,mil_1739,TRUE
lyr_06359,mil_2595,TRUE
lyr_07142,mil_2830,TRUE
lyr_00489,mil_0489,FALSE
lyr_00026,mil_0026,FALSE
lyr_01209,mil_2759,TRUE
lyr_00195,mil_0195,FALSE
lyr_11861,mil_2300,TRUE
lyr_09311,mil_0294,TRUE
lyr_10662,mil_1787,TRUE
lyr_00571,mil_1191,TRUE
lyr_05628,mil_2009,TRUE
lyr_02033,mil_4066,TRUE
lyr_01898,mil_1787,TRUE
lyr_02071,mil_4066,TRUE
lyr_09009,mil_0565,TRUE
lyr_01809,mil_1787,TRUE
lyr_00082,mil_2160,TRUE
lyr_10681,mil_0565,TRUE
lyr_03397,mil_3437,TRUE
lyr_00254,mil_0254,FALSE
lyr_12027,mil_2154,TRUE
lyr_04011,mil_4319,TRUE
lyr_00296,mil_0296,FALSE
lyr_03587,mil_3178,TRUE
lyr_00266,mil_0266,FALSE
lyr_10638,mil_0130,TRUE
lyr_00262,mil_0262,FALSE
lyr_00416,mil_0416,FALSE
lyr_09664,mil_3291,TRUE
lyr_09314,mil_2384,TRUE
lyr_03821,mil_0040,TRUE
lyr_02840,mil_0048,TRUE
lyr_00264,mil_0264,FALSE
lyr_10914,mil_0565,TRUE
lyr_10642,mil_3918,TRUE
lyr_00198,mil_0198,FALSE
lyr_00390,mil_0390,FALSE
lyr_09561,mil_1585,TRUE
lyr_00238,,FALSE
lyr_00441,mil_1928,TRUE
lyr_00093,mil_0093,FALSE
lyr_00217,mil_0217,FALSE
lyr_09946,mil_0035,TRUE
lyr_05419,mil_1479,TRUE
lyr_06387,mil_1851,TRUE
lyr_09538,mil_0493,TRUE
lyr_00193,mil_0193,FALSE
lyr_00228,mil_0228,FALSE
lyr_00240,mil_0240,FALSE
lyr_00307,mil_0307,FALSE
lyr_09520,mil_3304,TRUE
lyr_09816,mil_3291,TRUE
lyr_06271,mil_0035,TRUE
lyr_10849,mil_2806,TRUE
lyr_09481,mil_1851,TRUE
lyr_00009,mil_0009,FALSE
lyr_01842,mil_1787,TRUE
lyr_10205,mil_1787,TRUE
lyr_07679,mil_3112,TRUE
lyr_10786,mil_3694,TRUE
lyr_04275,mil_4319,TRUE
lyr_00041,mil_0041,FALSE
lyr_00740,mil_3086,TRUE
lyr_03609,mil_0295,TRUE
lyr_10736,mil_0565,TRUE
lyr_00329,mil_0329,FALSE
lyr_07306,mil_1739,TRUE
lyr_09469,mil_1255,TRUE
lyr_03311,mil_0295,TRUE
lyr_09925,mil_1684,TRUE
lyr_09121,mil_3465,TRUE
lyr_00085,mil_1018,TRUE
lyr_00219,mil_0219,FALSE
lyr_10700,mil_1378,TRUE
lyr_02947,mil_0319,TRUE
lyr_00145,mil_0145,FALSE
lyr_04041,mil_4446,TRUE
lyr_09452,mil_0565,TRUE
lyr_09004,mil_0565,TRUE
lyr_01205,mil_2206,TRUE
lyr_07096,mil_2385,TRUE
lyr_07095,mil_0491,TRUE
lyr_09937,mil_1255,TRUE
lyr_09461,mil_0288,TRUE
lyr_12097,mil_4017,TRUE
lyr_09649,mil_3252,TRUE
lyr_10833,mil_1007,TRUE
lyr_02771,mil_1162,TRUE
lyr_00232,mil_0232,FALSE
lyr_00168,mil_0168,FALSE
lyr_02604,mil_1928,TRUE
lyr_06349,mil_3186,TRUE
lyr_00429,,FALSE
lyr_00224,mil_0224,FALSE
lyr_09552,mil_0565,TRUE
lyr_10550,mil_1787,TRUE
lyr_01665,mil_1787,TRUE
lyr_05700,mil_2543,TRUE
lyr_08009,mil_1365,TRUE
lyr_07285,mil_1739,TRUE
lyr_00381,mil_0381,FALSE
lyr_00272,mil_0272,FALSE
lyr_04878,mil_0011,TRUE
lyr_08132,mil_3879,TRUE
lyr_00314,mil_0314,FALSE
lyr_00123,mil_0123,FALSE
lyr_09545,mil_0565,TRUE
lyr_02119,mil_4066,TRUE
lyr_00061,mil_0061,FALSE
lyr_03221,mil_4022,TRUE
lyr_00045,mil_0045,FALSE
lyr_00256,mil_0256,FALSE
lyr_06209,mil_1255,TRUE
lyr_10201,mil_0130,TRUE
lyr_00486,mil_0486,FALSE
lyr_09003,mil_0052,TRUE
lyr_04230,mil_4319,TRUE
lyr_01620,mil_1787,TRUE
lyr_12608,mil_0847,TRUE
lyr_03219,mil_0797,TRUE
lyr_07181,mil_1739,TRUE
lyr_00057,mil_0057,FALSE
lyr_00419,mil_0419,FALSE
lyr_01643,mil_1787,TRUE
lyr_10542,mil_1787,TRUE
lyr_00492,mil_0492,FALSE
lyr_04841,mil_0011,TRUE
lyr_04222,mil_1816,TRUE
lyr_03053,mil_1162,TRUE
lyr_09629,mil_3291,TRUE
lyr_00092,mil_0092,FALSE
lyr_10647,mil_3520,TRUE
lyr_06238,mil_2653,TRUE
lyr_09450,mil_0565,TRUE
lyr_00116,mil_0116,FALSE
lyr_08991,mil_0565,TRUE
lyr_10754,mil_0762,TRUE
lyr_00139,mil_0139,FALSE
lyr_00463,mil_0463,FALSE
lyr_09129,mil_3465,TRUE
lyr_00137,mil_0137,FALSE
lyr_00207,mil_0207,FALSE
lyr_00375,mil_0375,FALSE
lyr_00347,mil_0347,FALSE
lyr_00476,mil_0476,FALSE
lyr_00470,mil_0470,FALSE
lyr_08929,mil_0565,TRUE
lyr_01901,mil_1787,TRUE
lyr_02614,mil_4783,TRUE
lyr_09316,mil_2676,TRUE
lyr_00343,mil_0343,FALSE
lyr_00384,mil_3335,TRUE
lyr_09430,mil_0288,TRUE
lyr_08914,mil_2653,TRUE
lyr_10820,mil_0009,TRUE
lyr_02621,mil_1928,TRUE
lyr_01744,mil_1787,TRUE
lyr_01897,mil_1787,TRUE
lyr_00196,mil_0196,FALSE
lyr_04313,mil_4027,TRUE
lyr_00344,mil_0344,FALSE
lyr_03794,mil_4319,TRUE
lyr_06325,mil_1294,TRUE
lyr_10934,mil_0565,TRUE
lyr_03961,mil_4319,TRUE
lyr_06267,mil_0636,TRUE
lyr_00150,mil_0150,FALSE
lyr_00225,mil_0225,FALSE
lyr_10940,mil_0565,TRUE
lyr_00185,mil_2063,TRUE
lyr_05721,mil_2543,TRUE
lyr_10427,mil_0181,TRUE
lyr_06223,mil_2417,TRUE
lyr_10932,mil_0565,TRUE
lyr_09947,mil_0565,TRUE
lyr_02623,mil_3858,TRUE
lyr_00133,mil_0133,FALSE
lyr_04123,mil_3431,TRUE
lyr_00341,mil_0341,FALSE
lyr_00321,mil_0321,FALSE
lyr_05677,mil_2009,TRUE
lyr_03943,mil_0040,TRUE
lyr_02794,mil_0048,TRUE
lyr_08033,mil_1000,TRUE
lyr_00366,mil_0366,FALSE
lyr_07130,mil_4764,TRUE
lyr_09486,mil_1963,TRUE
lyr_06220,mil_0493,TRUE
lyr_03099,mil_1162,TRUE
lyr_10909,mil_1007,TRUE
lyr_00165,mil_0165,FALSE
lyr_12023,mil_0881,TRUE
lyr_00124,mil_0124,FALSE
lyr_01887,mil_1787,TRUE
lyr_02979,mil_1162,TRUE
lyr_10885,mil_1007,TRUE
lyr_09109,mil_3465,TRUE
lyr_05492,mil_1479,TRUE
lyr_10841,mil_0565,TRUE
lyr_09575,mil_0035,TRUE
lyr_02700,mil_2496,TRUE
lyr_00167,mil_0167,FALSE
lyr_00407,mil_0407,FALSE
lyr_10756,mil_0636,TRUE
lyr_07081,mil_3089,TRUE
lyr_09839,mil_3252,TRUE
lyr_00497,mil_0497,FALSE
lyr_03495,mil_3222,TRUE
lyr_00247,mil_0247,FALSE
lyr_06076,mil_0135,TRUE
lyr_00053,mil_0053,FALSE
lyr_00309,mil_0309,FALSE
lyr_09669,mil_3291,TRUE
lyr_00070,mil_0070,FALSE
lyr_06277,mil_0762,TRUE
lyr_00285,mil_0285,FALSE
lyr_10719,mil_0035,TRUE
lyr_04025,mil_4319,TRUE
lyr_05687,mil_2009,TRUE
lyr_04301,mil_4319,TRUE
lyr_06191,mil_1627,TRUE
lyr_09446,mil_2417,TRUE
lyr_05432,mil_2365,TRUE
lyr_09115,mil_3465,TRUE
lyr_09940,mil_0035,TRUE
lyr_00183,mil_0183,FALSE
lyr_00393,mil_0393,FALSE
lyr_00132,mil_0132,FALSE
lyr_10723,mil_0565,TRUE
lyr_00154,mil_0154,FALSE
lyr_00634,mil_4518,TRUE
lyr_00066,mil_0066,FALSE
lyr_10814,mil_2099,TRUE
lyr_10866,mil_3795,TRUE
lyr_00406,mil_0406,FALSE
lyr_04285,mil_4319,TRUE
lyr_10779,mil_2325,TRUE
lyr_03332,mil_0295,TRUE
lyr_12021,mil_1494,TRUE
lyr_02139,mil_4066,TRUE
lyr_00335,mil_0335,FALSE
lyr_08911,mil_0493,TRUE
lyr_09295,mil_1325,TRUE
lyr_00361,mil_0361,FALSE
lyr_00450,mil_0450,FALSE
lyr_05556,mil_2198,TRUE
lyr_01245,mil_2759,TRUE
lyr_07314,mil_1739,TRUE
lyr_00020,mil_0020,FALSE
lyr_04860,mil_0011,TRUE
lyr_04287,mil_4319,TRUE
lyr_00464,mil_0464,FALSE
lyr_03183,mil_0295,TRUE
lyr_01210,mil_1213,TRUE
lyr_07083,mil_4275,TRUE
lyr_03052,mil_1812,TRUE
lyr_00275,mil_4315,TRUE
lyr_03568,mil_4366,TRUE
lyr_10401,mil_3744,TRUE
lyr_00022,mil_0022,FALSE
lyr_03415,mil_0640,TRUE
lyr_03572,mil_4072,TRUE
lyr_00149,mil_0149,FALSE
lyr_05313,mil_0011,TRUE
lyr_09535,mil_1627,TRUE
lyr_03125,mil_4751,TRUE
lyr_00832,mil_0261,TRUE
lyr_00449,mil_1928,TRUE
lyr_08812,mil_1907,TRUE
lyr_00277,mil_3858,TRUE
lyr_06270,mil_0762,TRUE
lyr_01881,mil_1787,TRUE
lyr_05317,mil_0011,TRUE
lyr_00108,mil_0108,FALSE
lyr_00051,mil_0051,FALSE
lyr_00456,,FALSE
lyr_02716,mil_4315,TRUE
lyr_00324,mil_0324,FALSE
lyr_01926,mil_1787,TRUE
lyr_09597,mil_0565,TRUE
lyr_07113,mil_0352,TRUE
lyr_00457,mil_0457,FALSE
lyr_02826,mil_0048,TRUE
lyr_07115,mil_4633,TRUE
lyr_12426,mil_2120,TRUE
lyr_09465,mil_1007,TRUE
lyr_09781,mil_3252,TRUE
lyr_00244,mil_0244,FALSE
lyr_01886,mil_1787,TRUE
lyr_00197,mil_0197,FALSE
lyr_08972,mil_4055,TRUE
lyr_00404,mil_1928,TRUE
lyr_00447,mil_0447,FALSE
lyr_09825,mil_3291,TRUE
lyr_00222,mil_0222,FALSE
lyr_11263,mil_2705,TRUE
lyr_06350,mil_0493,TRUE
lyr_01614,mil_1787,TRUE
lyr_00352,mil_0352,FALSE
lyr_11982,mil_1030,TRUE
lyr_00385,mil_0385,FALSE
lyr_01913,mil_1787,TRUE
lyr_00191,mil_0191,FALSE
lyr_07864,mil_0869,TRUE
lyr_00401,mil_0401,FALSE
lyr_08008,mil_3112,TRUE
lyr_09679,mil_3291,TRUE
lyr_01924,mil_1787,TRUE
lyr_09910,mil_3291,TRUE
lyr_03290,mil_0295,TRUE
lyr_10474,mil_1787,TRUE
lyr_00101,mil_0101,FALSE
lyr_00421,mil_0421,FALSE
lyr_09539,mil_0565,TRUE
lyr_00452,mil_4518,TRUE
lyr_00466,mil_0466,FALSE
lyr_01930,mil_1787,TRUE
lyr_06401,mil_0565,TRUE
lyr_00078,mil_0078,FALSE
lyr_00130,mil_0130,FALSE
lyr_09743,mil_3291,TRUE
lyr_00080,mil_0080,FALSE
lyr_09518,mil_0948,TRUE
lyr_03498,mil_1950,TRUE
lyr_10769,mil_0493,TRUE
lyr_00422,mil_0422,FALSE
lyr_11675,mil_1540,TRUE
lyr_00362,mil_3858,TRUE
lyr_03957,mil_3724,TRUE
lyr_00173,mil_0173,FALSE
lyr_00360,mil_0360,FALSE
lyr_00096,mil_0096,FALSE
lyr_00111,mil_0111,FALSE
lyr_08979,mil_0762,TRUE
lyr_06333,mil_0535,TRUE
lyr_00487,mil_0487,FALSE
lyr_00563,mil_2903,TRUE
lyr_07100,mil_0216,TRUE
lyr_00052,mil_0052,FALSE
lyr_00673,mil_3086,TRUE
lyr_03333,mil_4072,TRUE
lyr_10160,mil_1787,TRUE
lyr_01758,mil_1787,TRUE
lyr_09671,mil_3291,TRUE
lyr_01734,mil_1787,TRUE
lyr_00073,mil_0073,FALSE
lyr_00075,mil_0075,FALSE
lyr_00386,mil_0386,FALSE
lyr_00034,mil_0034,FALSE
lyr_08941,mil_0565,TRUE
lyr_05719,mil_0822,TRUE
lyr_10300,mil_1787,TRUE
lyr_10917,mil_0101,TRUE
lyr_04112,mil_3431,TRUE
lyr_06354,mil_0493,TRUE
lyr_06353,mil_0035,TRUE
lyr_01633,mil_1787,TRUE
lyr_07995,mil_4020,TRUE
lyr_00373,mil_0373,FALSE
lyr_03318,mil_0295,TRUE
lyr_00186,mil_0186,FALSE
lyr_00485,mil_0485,FALSE
lyr_01896,mil_1787,TRUE
lyr_09531,mil_0565,TRUE
lyr_09506,mil_1505,TRUE
lyr_00353,mil_0353,FALSE
lyr_00444,,FALSE
lyr_00437,mil_0437,FALSE
lyr_00465,mil_0465,FALSE
lyr_06253,mil_1851,TRUE
lyr_09383,mil_4374,TRUE
lyr_10539,mil_1787,TRUE
lyr_00337,mil_0337,FALSE
lyr_12897,mil_1556,TRUE
lyr_06071,mil_3162,TRUE
lyr_07976,mil_0669,TRUE
lyr_00413,mil_1928,TRUE
lyr_00002,mil_0002,FALSE
lyr_00479,mil_0479,FALSE
lyr_09607,mil_0035,TRUE
lyr_09523,mil_0565,TRUE
lyr_00830,mil_0958,TRUE
lyr_03954,mil_4319,TRUE
lyr_00006,mil_0006,FALSE
lyr_01819,mil_1787,TRUE
lyr_10877,mil_0565,TRUE
lyr_12636,mil_1556,TRUE
lyr_06172,mil_0762,TRUE
lyr_04281,mil_0222,TRUE
lyr_03447,mil_2430,TRUE
lyr_10450,mil_2080,TRUE
lyr_01776,mil_1787,TRUE
lyr_10826,mil_1007,TRUE
lyr_00103,mil_0103,FALSE
lyr_08938,mil_1695,TRUE
lyr_11289,mil_0565,TRUE
lyr_10470,mil_1557,TRUE
lyr_10845,mil_2905,TRUE
lyr_07087,mil_1292,TRUE
lyr_02704,mil_1737,TRUE
lyr_00252,mil_0252,FALSE
lyr_03559,mil_0295,TRUE
lyr_09463,mil_0288,TRUE
lyr_06969,mil_3753,TRUE
lyr_06361,mil_1255,TRUE
lyr_02639,mil_1928,TRUE
lyr_01858,mil_2247,TRUE
lyr_05652,mil_2009,TRUE
lyr_00089,mil_0089,FALSE
lyr_06379,mil_3645,TRUE
lyr_06176,mil_1256,TRUE
lyr_09921,mil_3310,TRUE
lyr_12105,mil_1431,TRUE
lyr_10424,mil_1787,TRUE
lyr_00171,mil_0171,FALSE
lyr_00213,mil_0213,FALSE
lyr_07811,mil_1365,TRUE
lyr_12198,mil_1540,TRUE
lyr_10803,mil_0101,TRUE
lyr_09655,mil_3291,TRUE
lyr_01602,mil_1787,TRUE
lyr_00484,mil_0484,FALSE
lyr_01440,mil_0721,TRUE
lyr_08923,mil_0035,TRUE
lyr_04049,mil_4319,TRUE
lyr_10921,mil_0565,TRUE
lyr_09499,mil_0565,TRUE
lyr_04224,mil_4027,TRUE
lyr_09496,mil_0288,TRUE
lyr_01629,mil_1787,TRUE
lyr_12026,mil_1540,TRUE
lyr_10819,mil_1007,TRUE
lyr_00424,mil_0424,FALSE
lyr_09907,mil_3291,TRUE
lyr_00085,mil_0085,FALSE
lyr_10770,mil_0565,TRUE
lyr_00457,mil_1191,TRUE
lyr_00295,mil_0295,FALSE
lyr_05599,mil_2009,TRUE
lyr_00294,mil_4783,TRUE
lyr_08891,mil_0793,TRUE
lyr_09853,mil_3291,TRUE
lyr_01616,mil_1787,TRUE
lyr_01750,mil_1787,TRUE
lyr_00216,mil_0216,FALSE
lyr_01733,mil_1787,TRUE
lyr_07235,mil_1739,TRUE
lyr_07107,mil_0437,TRUE
lyr_00209,mil_0209,FALSE
lyr_09498,mil_2705,TRUE
lyr_10843,mil_1007,TRUE
lyr_10759,mil_2309,TRUE
lyr_06075,mil_3275,TRUE
lyr_02649,mil_2748,TRUE
lyr_11190,mil_0493,TRUE
lyr_05575,mil_0440,TRUE
lyr_00396,,FALSE
lyr_10731,mil_2595,TRUE
lyr_07117,mil_3873,TRUE
lyr_00037,mil_0037,FALSE
lyr_00236,mil_0236,FALSE
lyr_01871,mil_0181,TRUE
lyr_09114,mil_3465,TRUE
lyr_07672,mil_1365,TRUE
lyr_00027,mil_0027,FALSE
lyr_06179,mil_1627,TRUE
lyr_07622,mil_3112,TRUE
lyr_00338,mil_0338,FALSE
lyr_05548,mil_3177,TRUE
lyr_01934,mil_1787,TRUE
lyr_04289,mil_4319,TRUE
lyr_07221,mil_1739,TRUE
lyr_00371,mil_0371,FALSE
lyr_02578,mil_1928,TRUE
lyr_10777,mil_2653,TRUE
lyr_00472,mil_0472,FALSE
lyr_00189,mil_0189,FALSE
lyr_07625,mil_3112,TRUE
lyr_10646,mil_3591,TRUE
lyr_00087,mil_0087,FALSE
lyr_00313,mil_0313,FALSE
lyr_09662,mil_3291,TRUE
lyr_11238,mil_1255,TRUE
lyr_01820,mil_1787,TRUE
lyr_05618,mil_2543,TRUE
lyr_07105,mil_4685,TRUE
lyr_00044,mil_0044,FALSE
lyr_00047,mil_0047,FALSE
lyr_00231,mil_0231,FALSE
lyr_06357,mil_0526,TRUE
lyr_00016,mil_0016,FALSE
lyr_00004,mil_0004,FALSE
lyr_05647,mil_2009,TRUE
lyr_11106,mil_2193,TRUE
lyr_13299,mil_4695,TRUE
lyr_05438,mil_1479,TRUE
lyr_10353,mil_1787,TRUE
lyr_00050,mil_0050,FALSE
lyr_06258,mil_1255,TRUE
lyr_01942,mil_1787,TRUE
lyr_03296,mil_0788,TRUE
lyr_09715,mil_3291,TRUE
lyr_05567,mil_0709,TRUE
lyr_07896,mil_1365,TRUE
lyr_00221,mil_0221,FALSE
lyr_00185,mil_0185,FALSE
lyr_06068,mil_1678,TRUE
lyr_10882,mil_0565,TRUE
lyr_03385,mil_0295,TRUE
lyr_11670,mil_1030,TRUE
lyr_09471,mil_1585,TRUE
lyr_09801,mil_3291,TRUE
lyr_08917,mil_0560,TRUE
lyr_03574,mil_0295,TRUE
lyr_00119,mil_0119,FALSE
lyr_01943,mil_1787,TRUE
lyr_10881,mil_0679,TRUE
lyr_10679,mil_0565,TRUE
lyr_01864,mil_1787,TRUE
lyr_00318,mil_0318,FALSE
lyr_06412,mil_1255,TRUE
lyr_02796,mil_3572,TRUE
lyr_04303,mil_0040,TRUE
lyr_10678,mil_2595,TRUE
lyr_00242,mil_0242,FALSE
lyr_09590,mil_0288,TRUE
lyr_01976,mil_1809,TRUE
lyr_00083,mil_0083,FALSE
lyr_01726,mil_1787,TRUE
lyr_11920,mil_1540,TRUE
lyr_02654,mil_0431,TRUE
lyr_04106,mil_0040,TRUE
lyr_06409,mil_0565,TRUE
lyr_06183,mil_0035,TRUE
lyr_06206,mil_1255,TRUE
lyr_11275,mil_0035,TRUE
lyr_00435,mil_3858,TRUE
lyr_00305,mil_0305,FALSE
lyr_10434,mil_0517,TRUE
lyr_13943,mil_4065,TRUE
lyr_05269,mil_0011,TRUE
lyr_00194,mil_0194,FALSE
lyr_00356,mil_0356,FALSE
lyr_00278,mil_0278,FALSE
lyr_00364,mil_0364,FALSE
lyr_00297,mil_0297,FALSE
lyr_00349,mil_0349,FALSE
lyr_02643,mil_1928,TRUE
lyr_11050,mil_2193,TRUE
lyr_00395,mil_0395,FALSE
lyr_00462,mil_0462,FALSE
lyr_08845,mil_1907,TRUE
lyr_00248,mil_0248,FALSE
lyr_09147,mil_3465,TRUE
lyr_11203,mil_2806,TRUE
lyr_10725,mil_0565,TRUE
lyr_00312,mil_0312,FALSE
lyr_11196,mil_1851,TRUE
lyr_00059,mil_0059,FALSE
lyr_03524,mil_0295,TRUE
lyr_00469,mil_0469,FALSE
lyr_00430,mil_0430,FALSE
lyr_00357,mil_2748,TRUE
lyr_08927,mil_0565,TRUE
lyr_00370,mil_0370,FALSE
lyr_02706,mil_2748,TRUE
lyr_10874,mil_3645,TRUE
lyr_08964,mil_0565,TRUE
lyr_06266,mil_0244,TRUE
lyr_10829,mil_1007,TRUE
lyr_07082,mil_3873,TRUE
lyr_03313,mil_3511,TRUE
lyr_03608,mil_0295,TRUE
lyr_03650,mil_0295,TRUE
lyr_01865,mil_1787,TRUE
lyr_03971,mil_0490,TRUE
lyr_00234,mil_4783,TRUE
lyr_07336,mil_1739,TRUE
lyr_10241,mil_1787,TRUE
lyr_00398,mil_0398,FALSE
lyr_00039,mil_0039,FALSE
lyr_00060,mil_0060,FALSE
lyr_02062,mil_4066,TRUE
lyr_10973,mil_2193,TRUE
lyr_00210,mil_0210,FALSE
lyr_10904,mil_2798,TRUE
lyr_09667,mil_3291,TRUE
lyr_09680,mil_3291,TRUE
lyr_07101,mil_3428,TRUE
lyr_00086,mil_0086,FALSE
lyr_09514,mil_0793,TRUE
lyr_11215,mil_2417,TRUE
lyr_00257,mil_0257,FALSE
lyr_00379,mil_0379,FALSE
lyr_00306,mil_0306,FALSE
lyr_09404,mil_4374,TRUE
lyr_12169,mil_1540,TRUE
lyr_01685,mil_1787,TRUE
lyr_03588,mil_0125,TRUE
lyr_00293,mil_0293,FALSE
lyr_06067,mil_1086,TRUE
lyr_12163,mil_1540,TRUE
lyr_00160,mil_0160,FALSE
lyr_08004,mil_1993,TRUE
lyr_06178,mil_1977,TRUE
lyr_00258,mil_0258,FALSE
lyr_10757,mil_0911,TRUE
lyr_00281,mil_0281,FALSE
lyr_00302,mil_0302,FALSE
lyr_11198,mil_1255,TRUE
lyr_00063,mil_0063,FALSE
lyr_00276,mil_0276,FALSE
lyr_11681,mil_2154,TRUE
lyr_10847,mil_0565,TRUE
lyr_00433,mil_0433,FALSE
lyr_09414,mil_4374,TRUE
lyr_00418,mil_0418,FALSE
lyr_09938,mil_0035,TRUE
lyr_03645,mil_0947,TRUE
lyr_01829,mil_1787,TRUE
lyr_00391,mil_0391,FALSE
lyr_10240,mil_1787,TRUE
lyr_00158,mil_0158,FALSE
lyr_08920,mil_3293,TRUE
lyr_00496,mil_0496,FALSE
lyr_11345,mil_1079,TRUE
lyr_00226,mil_0226,FALSE
lyr_09536,mil_0565,TRUE
lyr_06305,mil_2806,TRUE
lyr_09681,mil_3291,TRUE
lyr_03255,mil_0295,TRUE
lyr_07698,mil_2102,TRUE
lyr_04000,mil_4319,TRUE
lyr_02959,mil_1162,TRUE
lyr_09805,mil_3252,TRUE
lyr_11977,mil_4017,TRUE
lyr_00848,mil_3772,TRUE
lyr_05600,mil_2009,TRUE
lyr_07800,mil_3112,TRUE
lyr_11274,mil_0035,TRUE
lyr_10722,mil_2806,TRUE
lyr_06352,mil_0249,TRUE
lyr_10643,mil_4421,TRUE
lyr_07920,mil_3112,TRUE
lyr_00159,mil_0159,FALSE
lyr_00503,mil_1191,TRUE
lyr_10272,mil_0517,TRUE
lyr_06339,mil_2653,TRUE
lyr_02028,mil_4066,TRUE
lyr_09309,mil_2384,TRUE
lyr_08066,mil_3112,TRUE
lyr_01747,mil_1787,TRUE
lyr_03624,mil_4339,TRUE
lyr_05421,mil_2365,TRUE
lyr_06175,mil_1255,TRUE
lyr_00029,mil_0029,FALSE
lyr_03680,mil_0295,TRUE
lyr_00310,mil_0310,FALSE
lyr_06319,mil_1294,TRUE
lyr_06199,mil_0199,TRUE
lyr_11235,mil_0035,TRUE
lyr_05108,mil_0011,TRUE
lyr_00400,mil_0400,FALSE
lyr_03548,mil_0295,TRUE
lyr_07202,mil_1739,TRUE
lyr_06164,mil_3065,TRUE
lyr_11797,mil_1540,TRUE
lyr_01613,mil_1787,TRUE
lyr_07836,mil_1365,TRUE
lyr_00056,mil_0056,FALSE
lyr_11262,mil_2595,TRUE
lyr_00112,mil_0112,FALSE
lyr_00447,mil_2748,TRUE
lyr_01372,mil_0721,TRUE
lyr_03995,mil_3431,TRUE
lyr_04244,mil_4319,TRUE
lyr_06386,mil_2595,TRUE
lyr_00425,mil_0425,FALSE
lyr_08954,mil_0493,TRUE
lyr_08791,mil_0299,TRUE
lyr_06273,mil_0244,TRUE
lyr_06161,mil_0035,TRUE
lyr_03490,mil_4150,TRUE
lyr_00330,mil_0330,FALSE
lyr_00480,mil_0480,FALSE
lyr_03891,mil_4319,TRUE
lyr_09656,mil_3291,TRUE
lyr_03097,mil_1162,TRUE
lyr_03642,mil_4693,TRUE
lyr_00128,mil_0128,FALSE
lyr_06343,mil_2595,TRUE
lyr_10477,mil_1787,TRUE
lyr_01211,mil_0642,TRUE
lyr_09557,mil_2798,TRUE
lyr_05693,mil_2009,TRUE
lyr_07395,mil_1739,TRUE
lyr_01941,mil_2247,TRUE
lyr_06402,mil_0565,TRUE
lyr_04699,mil_0011,TRUE
lyr_07099,mil_3873,TRUE
lyr_00836,mil_3253,TRUE
lyr_00071,mil_0071,FALSE
lyr_08102,mil_1365,TRUE
lyr_00323,mil_0323,FALSE
lyr_03335,mil_4072,TRUE
lyr_04013,mil_3431,TRUE
lyr_00338,mil_1928,TRUE
lyr_03069,mil_1162,TRUE
lyr_00325,mil_0325,FALSE
lyr_08958,mil_0565,TRUE
lyr_00445,mil_0445,FALSE
lyr_00245,mil_0245,FALSE
lyr_00405,mil_0405,FALSE
lyr_12034,mil_4017,TRUE
lyr_06313,mil_1851,TRUE
lyr_08754,mil_1874,TRUE
lyr_00283,mil_0283,FALSE
lyr_00118,mil_0118,FALSE
lyr_00169,mil_0169,FALSE
lyr_08044,mil_1365,TRUE
lyr_11847,mil_1540,TRUE
lyr_12129,mil_1540,TRUE
lyr_00010,mil_0010,FALSE
lyr_08884,mil_2406,TRUE
lyr_00280,mil_0280,FALSE
lyr_03671,mil_4022,TRUE
lyr_00474,mil_0474,FALSE
lyr_10920,mil_2653,TRUE
lyr_00178,mil_0178,FALSE
lyr_04683,mil_0011,TRUE
lyr_07097,mil_2235,TRUE
lyr_08638,mil_3732,TRUE
lyr_00253,mil_0253,FALSE
lyr_06231,mil_0493,TRUE
lyr_09720,mil_3291,TRUE
lyr_11933,mil_1540,TRUE
lyr_10181,mil_1787,TRUE
lyr_12065,mil_1540,TRUE
lyr_02858,mil_1162,TRUE
lyr_00308,mil_0308,FALSE
lyr_12055,mil_3283,TRUE
lyr_09501,mil_0565,TRUE
lyr_00019,mil_0019,FALSE
lyr_09553,mil_1585,TRUE
lyr_03618,mil_4528,TRUE
lyr_10899,mil_0762,TRUE
lyr_09829,mil_3291,TRUE
lyr_00005,mil_0005,FALSE
lyr_01891,mil_1787,TRUE
lyr_00048,mil_0048,FALSE
lyr_00013,mil_0013,FALSE
lyr_07718,mil_1365,TRUE
lyr_00025,mil_0025,FALSE
lyr_01630,mil_2247,TRUE
lyr_03630,mil_3191,TRUE
lyr_03596,mil_1914,TRUE
lyr_00362,mil_0362,FALSE
lyr_00557,mil_1191,TRUE
lyr_11245,mil_2985,TRUE
lyr_09887,mil_3291,TRUE
lyr_03230,mil_0295,TRUE
lyr_10693,mil_0565,TRUE
lyr_01845,mil_1787,TRUE
lyr_12084,mil_2300,TRUE
lyr_00107,mil_0107,FALSE
lyr_00307,mil_1928,TRUE
lyr_05626,mil_2009,TRUE
lyr_09745,mil_3291,TRUE
lyr_10838,mil_2575,TRUE
lyr_04153,mil_4319,TRUE
lyr_10762,mil_0493,TRUE
lyr_09025,mil_0565,TRUE
lyr_08184,mil_3112,TRUE
lyr_09476,mil_0035,TRUE
lyr_00136,mil_0136,FALSE
lyr_06334,mil_1255,TRUE
lyr_00607,mil_1191,TRUE
lyr_06314,mil_1255,TRUE
lyr_08886,mil_1443,TRUE
lyr_00733,mil_3772,TRUE
lyr_01817,mil_1787,TRUE
lyr_08971,mil_0911,TRUE
lyr_08922,mil_0946,TRUE
lyr_06224,mil_0052,TRUE
lyr_05734,mil_2009,TRUE
lyr_00402,mil_0402,FALSE
lyr_00282,mil_0282,FALSE
lyr_00184,mil_3168,TRUE
lyr_02835,mil_1162,TRUE
lyr_12134,mil_1431,TRUE
lyr_01927,mil_1787,TRUE
lyr_00831,mil_3772,TRUE
lyr_07782,mil_3112,TRUE
lyr_02529,mil_0534,TRUE
lyr_00853,mil_4469,TRUE
lyr_06376,mil_0636,TRUE
lyr_02695,mil_2305,TRUE
lyr_00277,mil_0277,FALSE
lyr_01449,mil_0721,TRUE
lyr_00326,mil_0326,FALSE
lyr_06411,mil_0288,TRUE
lyr_00170,mil_0170,FALSE
lyr_00284,mil_0284,FALSE
lyr_00014,mil_0014,FALSE
lyr_00222,mil_3207,TRUE
lyr_09245,mil_4374,TRUE
lyr_00074,mil_0074,FALSE
lyr_02053,mil_1139,TRUE
lyr_01115,mil_2759,TRUE
lyr_04996,mil_0011,TRUE
lyr_03430,mil_0295,TRUE
lyr_03902,mil_4319,TRUE
lyr_12039,mil_1540,TRUE
lyr_00180,mil_0180,FALSE
lyr_09696,mil_3291,TRUE
lyr_00001,mil_0001,FALSE
lyr_00012,mil_0012,FALSE
lyr_01698,mil_1787,TRUE
lyr_00268,mil_0268,FALSE
lyr_01627,mil_2247,TRUE
lyr_09440,mil_3244,TRUE
lyr_07886,mil_0669,TRUE
lyr_00339,mil_0339,FALSE
lyr_00246,mil_0246,FALSE
lyr_02473,mil_4414,TRUE
lyr_03181,mil_0295,TRUE
lyr_00199,mil_0199,FALSE
lyr_09914,mil_0939,TRUE
lyr_06181,mil_2070,TRUE
lyr_09517,mil_2584,TRUE
lyr_02821,mil_0569,TRUE
lyr_09576,mil_0035,TRUE
lyr_00322,mil_0322,FALSE
lyr_06855,mil_4712,TRUE
lyr_10726,mil_2653,TRUE
lyr_00432,mil_0432,FALSE
lyr_13957,mil_4065,TRUE
lyr_02546,mil_4414,TRUE
lyr_00467,mil_0467,FALSE
lyr_09026,mil_0035,TRUE
lyr_11914,mil_1540,TRUE
lyr_00202,mil_0202,FALSE
lyr_08007,mil_1000,TRUE
lyr_00024,mil_0024,FALSE
lyr_00263,mil_0263,FALSE
lyr_10773,mil_3830,TRUE
lyr_00291,mil_0291,FALSE
lyr_02997,mil_0569,TRUE
lyr_05440,mil_1479,TRUE
lyr_11271,mil_2417,TRUE
lyr_00215,mil_0215,FALSE
lyr_00055,mil_0055,FALSE
lyr_00135,mil_0135,FALSE
lyr_07372,mil_1739,TRUE
lyr_11024,mil_2193,TRUE
lyr_00459,mil_0459,FALSE
lyr_09315,mil_4374,TRUE
lyr_04758,mil_0011,TRUE
lyr_02994,mil_1162,TRUE
lyr_06083,mil_1678,TRUE
lyr_00067,mil_0067,FALSE
lyr_10834,mil_0565,TRUE
lyr_00250,mil_0250,FALSE
lyr_00368,mil_0368,FALSE
lyr_06218,mil_2417,TRUE
lyr_05391,mil_0011,TRUE
lyr_06188,mil_0035,TRUE
lyr_10666,mil_0130,TRUE
lyr_01866,mil_1787,TRUE
lyr_05546,mil_1479,TRUE
lyr_00097,mil_0097,FALSE
lyr_03958,mil_4319,TRUE
lyr_06173,mil_1627,TRUE
lyr_13165,mil_4622,TRUE
lyr_01768,mil_1787,TRUE
lyr_00205,mil_0205,FALSE
lyr_01843,mil_1787,TRUE
lyr_06300,mil_0035,TRUE
lyr_00454,mil_0454,FALSE
lyr_00491,mil_0491,FALSE
lyr_00328,mil_0328,FALSE
lyr_00233,mil_0233,FALSE
lyr_06348,mil_0035,TRUE
lyr_08016,mil_4740,TRUE
lyr_00241,mil_0241,FALSE
lyr_07094,mil_0352,TRUE
lyr_09842,mil_3291,TRUE
lyr_00204,mil_0204,FALSE
lyr_07968,mil_3112,TRUE
lyr_00172,mil_0172,FALSE
lyr_09537,mil_4552,TRUE
lyr_09945,mil_1371,TRUE
lyr_00098,mil_0098,FALSE
lyr_09016,mil_1695,TRUE
lyr_06205,mil_0565,TRUE
lyr_06080,mil_2297,TRUE
lyr_00087,mil_4122,TRUE
lyr_00109,mil_0109,FALSE
lyr_00147,mil_0147,FALSE
lyr_10883,mil_2237,TRUE
lyr_03148,mil_1162,TRUE
lyr_09530,mil_2584,TRUE
lyr_11361,mil_1654,TRUE
lyr_01792,mil_1787,TRUE
lyr_01422,mil_0721,TRUE
lyr_00739,mil_3633,TRUE
lyr_03579,mil_0295,TRUE
lyr_02904,mil_1162,TRUE
lyr_10198,mil_0130,TRUE
lyr_10635,mil_1293,TRUE
lyr_00232,mil_1928,TRUE
lyr_10907,mil_0565,TRUE
lyr_08872,mil_3732,TRUE
lyr_01914,mil_1787,TRUE
lyr_10593,mil_0503,TRUE
lyr_03389,mil_0295,TRUE
lyr_00367,mil_0367,FALSE
lyr_01906,mil_1787,TRUE
lyr_00033,mil_0033,FALSE
lyr_00377,mil_0377,FALSE
lyr_00068,mil_0068,FALSE
lyr_01400,mil_0721,TRUE
lyr_00152,mil_0152,FALSE
lyr_00126,mil_0126,FALSE
lyr_00155,mil_0155,FALSE
lyr_00417,mil_0417,FALSE
lyr_00374,mil_0374,FALSE
lyr_09778,mil_3252,TRUE
lyr_07122,mil_3873,TRUE
lyr_00100,mil_0100,FALSE
lyr_00176,mil_2650,TRUE
lyr_08774,mil_0935,TRUE
lyr_02984,mil_1162,TRUE
lyr_03646,mil_1484,TRUE
lyr_10766,mil_0035,TRUE
lyr_03144,mil_0569,TRUE
lyr_01275,mil_2759,TRUE
lyr_00190,mil_0190,FALSE
lyr_10684,mil_0035,TRUE
lyr_00294,mil_0294,FALSE
lyr_10876,mil_1426,TRUE
lyr_03942,mil_4319,TRUE
lyr_04161,mil_0490,TRUE
lyr_10908,mil_0565,TRUE
lyr_01874,mil_1787,TRUE
lyr_00023,mil_0023,FALSE
lyr_03237,mil_0295,TRUE
lyr_00259,mil_0259,FALSE
lyr_03406,mil_4693,TRUE
lyr_09931,mil_1256,TRUE
lyr_09293,mil_4374,TRUE
lyr_10570,mil_0517,TRUE
lyr_10900,mil_2314,TRUE
lyr_00455,mil_0455,FALSE
lyr_03095,mil_1162,TRUE
lyr_09331,mil_4374,TRUE
lyr_07428,mil_1739,TRUE
lyr_00313,mil_3858,TRUE
lyr_08930,mil_3186,TRUE
lyr_00069,mil_0069,FALSE
lyr_10765,mil_1378,TRUE
lyr_09549,mil_1007,TRUE
lyr_00354,mil_0354,FALSE
lyr_00200,mil_0200,FALSE
lyr_04188,mil_3431,TRUE
lyr_00229,mil_0229,FALSE
lyr_08916,mil_0762,TRUE
lyr_06250,mil_1255,TRUE
lyr_10850,mil_2070,TRUE
lyr_00093,mil_0077,TRUE
lyr_09317,mil_4374,TRUE
lyr_00243,mil_0243,FALSE
lyr_00399,mil_0399,FALSE
lyr_10809,mil_1426,TRUE
lyr_05572,mil_3375,TRUE
lyr_00358,mil_0358,FALSE
lyr_09527,mil_0565,TRUE
lyr_00030,mil_0030,FALSE
lyr_06121,mil_2297,TRUE
lyr_03991,mil_4319,TRUE
lyr_05542,mil_2365,TRUE
lyr_00269,mil_0269,FALSE
lyr_01717,mil_1787,TRUE
lyr_00271,mil_0271,FALSE
lyr_00088,mil_0088,FALSE
lyr_10161,mil_1787,TRUE
lyr_08023,mil_0869,TRUE
lyr_00017,mil_0017,FALSE
lyr_11223,mil_1108,TRUE
lyr_11209,mil_0035,TRUE
lyr_00412,mil_0412,FALSE
lyr_00140,mil_0140,FALSE
lyr_10232,mil_2247,TRUE
lyr_06239,mil_2806,TRUE
lyr_09433,mil_4552,TRUE
lyr_00260,mil_0260,FALSE
lyr_03088,mil_1162,TRUE
lyr_11242,mil_1255,TRUE
lyr_00428,mil_0428,FALSE
lyr_11875,mil_1540,TRUE
lyr_09630,mil_3291,TRUE
lyr_02401,mil_0534,TRUE
lyr_07205,mil_1739,TRUE
lyr_01151,mil_2759,TRUE
lyr_07111,mil_2830,TRUE
lyr_00327,mil_0327,FALSE
lyr_01638,mil_2247,TRUE
lyr_01890,mil_2247,TRUE
lyr_00076,mil_0076,FALSE
lyr_09729,mil_3252,TRUE
lyr_00311,mil_0311,FALSE
lyr_09140,mil_3465,TRUE
lyr_09532,mil_3470,TRUE
lyr_00267,mil_0267,FALSE
lyr_06335,mil_0035,TRUE
lyr_00483,mil_0483,FALSE
lyr_06355,mil_0249,TRUE
lyr_05624,mil_2009,TRUE
lyr_00121,mil_0121,FALSE
lyr_01621,mil_1787,TRUE
lyr_07203,mil_1739,TRUE
lyr_09639,mil_3252,TRUE
lyr_03955,mil_3431,TRUE
lyr_07349,mil_1739,TRUE
lyr_05701,mil_0528,TRUE
lyr_06269,mil_0793,TRUE
lyr_00049,mil_0049,FALSE
lyr_10889,mil_0565,TRUE
lyr_10625,mil_1787,TRUE
lyr_11058,mil_2193,TRUE
lyr_11747,mil_1540,TRUE
lyr_00176,mil_0176,FALSE
lyr_07418,mil_1739,TRUE
lyr_00195,mil_2583,TRUE
lyr_00388,mil_0388,FALSE
lyr_00389,mil_0389,FALSE
lyr_00007,mil_0007,FALSE
lyr_01669,mil_1787,TRUE
lyr_06390,mil_2595,TRUE
lyr_00166,mil_0166,FALSE
lyr_09623,mil_0565,TRUE
lyr_06358,mil_3645,TRUE
lyr_00148,mil_0148,FALSE
lyr_10927,mil_0565,TRUE
lyr_10869,mil_3533,TRUE
lyr_06249,mil_2653,TRUE
lyr_00065,mil_0065,FALSE
lyr_00458,mil_0458,FALSE
lyr_02619,mil_3858,TRUE
lyr_10705,mil_1007,TRUE
lyr_09821,mil_3291,TRUE
lyr_00141,mil_0141,FALSE
lyr_00227,mil_0227,FALSE
lyr_03457,mil_0295,TRUE
lyr_00077,mil_0077,FALSE
lyr_00420,mil_3858,TRUE
lyr_01146,mil_2759,TRUE
lyr_09023,mil_0565,TRUE
lyr_00436,mil_0436,FALSE
lyr_01811,mil_1787,TRUE
lyr_11207,mil_2595,TRUE
lyr_00452,mil_0452,FALSE
lyr_10817,mil_1007,TRUE
lyr_00355,mil_0355,FALSE
lyr_12145,mil_1540,TRUE
lyr_10892,mil_4459,TRUE
lyr_03929,mil_4319,TRUE
lyr_00376,mil_0376,FALSE
lyr_11192,mil_2653,TRUE
lyr_07711,mil_3112,TRUE
lyr_11204,mil_4015,TRUE
lyr_09619,mil_0565,TRUE
lyr_05435,mil_2365,TRUE
lyr_00042,mil_0042,FALSE
lyr_00859,mil_0172,TRUE
lyr_03825,mil_0040,TRUE
lyr_10020,mil_2622,TRUE
lyr_00011,mil_0011,FALSE
lyr_05423,mil_1479,TRUE
lyr_00468,mil_0468,FALSE
lyr_09705,mil_3291,TRUE
lyr_01882,mil_2247,TRUE
lyr_03534,mil_0295,TRUE
lyr_00127,mil_0127,FALSE
lyr_10738,mil_0565,TRUE
lyr_00345,mil_0345,FALSE
lyr_00192,mil_0192,FALSE
lyr_04198,mil_0490,TRUE
lyr_09567,mil_1051,TRUE
lyr_00700,mil_0008,TRUE
lyr_11258,mil_2595,TRUE
lyr_03213,mil_1950,TRUE
lyr_00220,mil_0220,FALSE
lyr_09435,mil_0343,TRUE
lyr_00346,mil_0346,FALSE
lyr_00143,mil_0143,FALSE
lyr_09559,mil_1851,TRUE
lyr_08895,mil_0288,TRUE
lyr_06237,mil_0762,TRUE
lyr_09495,mil_0565,TRUE
lyr_04282,mil_1816,TRUE
lyr_06280,mil_0249,TRUE
lyr_09900,mil_3291,TRUE
lyr_00046,mil_0046,FALSE
lyr_02864,mil_0048,TRUE
lyr_00255,mil_0255,FALSE
lyr_12424,mil_1738,TRUE
lyr_09625,mil_1371,TRUE
lyr_00500,mil_0500,FALSE
lyr_00478,mil_0478,FALSE
lyr_00351,mil_0351,FALSE
lyr_09860,mil_3291,TRUE
lyr_10794,mil_3470,TRUE
lyr_00032,mil_0032,FALSE
lyr_05545,mil_0440,TRUE
lyr_08919,mil_2653,TRUE
lyr_00384,,FALSE
lyr_10721,mil_1007,TRUE
lyr_07183,mil_1739,TRUE
lyr_00477,mil_0477,FALSE
lyr_03582,mil_0295,TRUE
lyr_00264,mil_2748,TRUE
lyr_10825,mil_0035,TRUE
lyr_01841,mil_1787,TRUE
lyr_00117,mil_0117,FALSE
lyr_06311,mil_2595,TRUE
lyr_00235,mil_0235,FALSE
lyr_11974,mil_0467,TRUE
lyr_01869,mil_1787,TRUE
lyr_00597,mil_4518,TRUE
lyr_00340,mil_0340,FALSE
lyr_10879,mil_1872,TRUE
lyr_10680,mil_0035,TRUE
lyr_00517,mil_4518,TRUE
lyr_00642,mil_0908,TRUE
lyr_11661,mil_1540,TRUE
lyr_00320,mil_0320,FALSE
lyr_00985,mil_3536,TRUE
lyr_08900,mil_0762,TRUE
lyr_09917,mil_0035,TRUE
lyr_00431,mil_0431,FALSE
lyr_00212,mil_0212,FALSE
lyr_10804,mil_1007,TRUE
lyr_09135,mil_3465,TRUE
lyr_00449,mil_0449,FALSE
lyr_09318,mil_1026,TRUE
lyr_03803,mil_4319,TRUE
lyr_06246,mil_0199,TRUE
lyr_06337,mil_2055,TRUE
lyr_03827,mil_4319,TRUE
lyr_00397,mil_1928,TRUE
lyr_00482,mil_0482,FALSE
lyr_02803,mil_0569,TRUE
lyr_00453,mil_0453,FALSE
lyr_00286,mil_0286,FALSE
lyr_00095,mil_0095,FALSE
lyr_03766,mil_3724,TRUE
lyr_09011,mil_1020,TRUE
lyr_07106,mil_2830,TRUE
lyr_00174,mil_0174,FALSE
lyr_10901,mil_0565,TRUE
lyr_09941,mil_1963,TRUE
lyr_06284,mil_0249,TRUE
lyr_03247,mil_0640,TRUE
lyr_00438,mil_0438,FALSE
lyr_06346,mil_4253,TRUE
lyr_06201,mil_2406,TRUE
lyr_06130,mil_0660,TRUE
lyr_11284,mil_0911,TRUE
lyr_00156,mil_0156,FALSE
lyr_08714,mil_1874,TRUE
lyr_00131,mil_0131,FALSE
lyr_05610,mil_2009,TRUE
lyr_00122,mil_0122,FALSE
lyr_01690,mil_1787,TRUE
lyr_00164,mil_0164,FALSE
lyr_02677,mil_1928,TRUE
lyr_00298,mil_0298,FALSE
lyr_04192,mil_2932,TRUE
lyr_02934,mil_1162,TRUE
lyr_00439,mil_0439,FALSE
lyr_12000,mil_4017,TRUE
lyr_00206,mil_1744,TRUE
lyr_08997,mil_2070,TRUE
lyr_03192,mil_0295,TRUE
lyr_08119,mil_2250,TRUE
lyr_00106,mil_0106,FALSE
lyr_05547,mil_2365,TRUE
lyr_06289,mil_3645,TRUE
lyr_08015,mil_4011,TRUE
lyr_11281,mil_2595,TRUE
lyr_02576,mil_1928,TRUE
lyr_10870,mil_1007,TRUE
lyr_00028,mil_0028,FALSE
lyr_00292,mil_0292,FALSE
lyr_03046,mil_0569,TRUE
lyr_10552,mil_4069,TRUE
lyr_01663,mil_1787,TRUE
lyr_00105,mil_0105,FALSE
lyr_00490,mil_0490,FALSE
lyr_00289,mil_0289,FALSE
lyr_02698,mil_1928,TRUE
lyr_12748,mil_0012,TRUE
lyr_00460,mil_0460,FALSE
lyr_05513,mil_1479,TRUE
lyr_00333,mil_0333,FALSE
lyr_00099,mil_0099,FALSE
lyr_10911,mil_1426,TRUE
lyr_02584,mil_3858,TRUE
lyr_00414,mil_0414,FALSE
lyr_05703,mil_3357,TRUE
lyr_10931,mil_4249,TRUE
lyr_10897,mil_3783,TRUE
lyr_03055,mil_1162,TRUE
lyr_09697,mil_3291,TRUE
lyr_01285,mil_0278,TRUE
lyr_00303,mil_0303,FALSE
lyr_10785,mil_4609,TRUE
lyr_11867,mil_1540,TRUE
lyr_02669,mil_1928,TRUE
lyr_00411,mil_0411,FALSE
lyr_00348,mil_0348,FALSE
lyr_07316,mil_1739,TRUE
lyr_00194,mil_2493,TRUE
lyr_00021,mil_0021,FALSE
lyr_10930,mil_2595,TRUE
lyr_09583,mil_1851,TRUE
lyr_00481,mil_0481,FALSE
lyr_10764,mil_2070,TRUE
lyr_13945,mil_2652,TRUE
lyr_00336,mil_0336,FALSE
lyr_00334,mil_0334,FALSE
lyr_01905,mil_1787,TRUE
lyr_00237,mil_0237,FALSE
lyr_03956,mil_0040,TRUE
lyr_10718,mil_1255,TRUE
lyr_06193,mil_1627,TRUE
lyr_04160,mil_4319,TRUE
lyr_13347,mil_4622,TRUE
lyr_09620,mil_0035,TRUE
lyr_10926,mil_0565,TRUE
lyr_09312,mil_1325,TRUE
lyr_05616,mil_2009,TRUE
lyr_02664,mil_3858,TRUE
lyr_00161,mil_0161,FALSE
lyr_00440,mil_0440,FALSE
lyr_13218,mil_2967,TRUE
lyr_03863,mil_0490,TRUE
lyr_08074,mil_1365,TRUE
lyr_10792,mil_3470,TRUE
lyr_00035,mil_0035,FALSE
lyr_00062,mil_0062,FALSE
lyr_10636,mil_1703,TRUE
lyr_00214,mil_0214,FALSE
lyr_05665,mil_2009,TRUE
lyr_03316,mil_0295,TRUE
lyr_05738,mil_2009,TRUE
lyr_00208,mil_0573,TRUE
lyr_00110,mil_0110,FALSE
lyr_09010,mil_0035,TRUE
lyr_04417,mil_3599,TRUE
lyr_07359,mil_1739,TRUE
lyr_00448,mil_0448,FALSE
lyr_07891,mil_3112,TRUE
lyr_00365,mil_0365,FALSE
lyr_02051,mil_4066,TRUE
lyr_11307,mil_1654,TRUE
lyr_06327,mil_0035,TRUE
lyr_09526,mil_0565,TRUE
lyr_09547,mil_0565,TRUE
lyr_00274,mil_0274,FALSE
lyr_01437,mil_0721,TRUE
lyr_01959,mil_1787,TRUE
lyr_00382,mil_0382,FALSE
lyr_00369,mil_0369,FALSE
lyr_06180,mil_1627,TRUE
lyr_12052,mil_1540,TRUE
lyr_04531,mil_2049,TRUE
lyr_13146,mil_4695,TRUE
lyr_00125,mil_0125,FALSE
lyr_00446,mil_0446,FALSE
lyr_10856,mil_0911,TRUE
lyr_09313,mil_3251,TRUE
lyr_00423,mil_0423,FALSE
lyr_03168,mil_1162,TRUE
lyr_00541,mil_1191,TRUE
lyr_04653,mil_3599,TRUE
lyr_04019,mil_1816,TRUE
lyr_00427,mil_3858,TRUE
lyr_04018,mil_1816,TRUE
lyr_00157,mil_0157,FALSE
lyr_03494,mil_0295,TRUE
lyr_11272,mil_1963,TRUE
lyr_00279,mil_0279,FALSE
lyr_09319,mil_1311,TRUE
lyr_00665,mil_4469,TRUE
lyr_09457,mil_1255,TRUE
lyr_00822,mil_3086,TRUE
lyr_00142,mil_0142,FALSE
lyr_03878,mil_0490,TRUE
lyr_06282,mil_2595,TRUE
lyr_01677,mil_2247,TRUE
lyr_03768,mil_4319,TRUE
lyr_00114,mil_0114,FALSE
lyr_00316,mil_0316,FALSE
lyr_00209,mil_1806,TRUE
lyr_07116,mil_3873,TRUE
lyr_00435,mil_0435,FALSE
lyr_02836,mil_1162,TRUE
lyr_02127,mil_4066,TRUE
lyr_09442,mil_2283,TRUE
lyr_00609,mil_1191,TRUE
lyr_07225,mil_1739,TRUE
lyr_04652,mil_2049,TRUE
lyr_11211,mil_1255,TRUE
lyr_10640,mil_1787,TRUE
lyr_10763,mil_0565,TRUE
lyr_00177,mil_0177,FALSE
lyr_01805,mil_1787,TRUE
lyr_06393,mil_0762,TRUE
lyr_01798,mil_1787,TRUE
lyr_00120,mil_0120,FALSE
lyr_10724,mil_0565,TRUE
lyr_00187,mil_0187,FALSE
lyr_03410,mil_2349,TRUE
lyr_11980,mil_1540,TRUE
lyr_01849,mil_1787,TRUE
lyr_10875,mil_1007,TRUE
lyr_09918,mil_2653,TRUE
lyr_07008,mil_0217,TRUE
lyr_00081,mil_0081,FALSE
lyr_00036,mil_0036,FALSE
lyr_00084,mil_0084,FALSE
lyr_01413,mil_0721,TRUE
lyr_10511,mil_1787,TRUE
lyr_06211,mil_0762,TRUE
lyr_00427,mil_0427,FALSE
lyr_01636,mil_1787,TRUE
lyr_03906,mil_4319,TRUE
lyr_11232,mil_0035,TRUE
lyr_10761,mil_2595,TRUE
lyr_02699,mil_1928,TRUE
lyr_03586,mil_0640,TRUE
lyr_00363,mil_0363,FALSE
lyr_00383,mil_0383,FALSE
lyr_03176,mil_1162,TRUE
lyr_09908,mil_0939,TRUE
lyr_09870,mil_3291,TRUE
lyr_01812,mil_1787,TRUE
lyr_00226,mil_1928,TRUE
lyr_10274,mil_1787,TRUE
lyr_12300,mil_1556,TRUE
lyr_07305,mil_1739,TRUE
lyr_03592,mil_0295,TRUE
lyr_00408,mil_0408,FALSE
lyr_03602,mil_0295,TRUE
lyr_09467,mil_0565,TRUE
lyr_00380,mil_0380,FALSE
lyr_00094,mil_0094,FALSE
lyr_00290,mil_0290,FALSE
lyr_09866,mil_3291,TRUE
lyr_05996,mil_0914,TRUE
lyr_00003,mil_0003,FALSE
lyr_12427,mil_1556,TRUE
lyr_04391,mil_2049,TRUE
lyr_11388,mil_1079,TRUE
lyr_03459,mil_2430,TRUE
lyr_00213,mil_1852,TRUE
lyr_00461,mil_0461,FALSE
lyr_00488,mil_0488,FALSE
lyr_08918,mil_4360,TRUE
lyr_00043,mil_0043,FALSE
lyr_06292,mil_1255,TRUE
lyr_00008,mil_0008,FALSE
lyr_11723,mil_2154,TRUE
lyr_00304,mil_0304,FALSE
lyr_10782,mil_0288,TRUE
lyr_03984,mil_4319,TRUE
lyr_06252,mil_1851,TRUE
lyr_12434,mil_2704,TRUE
lyr_00332,mil_0332,FALSE
lyr_00498,mil_0498,FALSE
lyr_00443,mil_0443,FALSE
lyr_10688,mil_2653,TRUE
lyr_08873,mil_0501,TRUE
lyr_00342,mil_0342,FALSE
lyr_08470,mil_3888,TRUE
lyr_12048,mil_0685,TRUE
lyr_12002,mil_0408,TRUE
lyr_00153,mil_0153,FALSE
lyr_00407,mil_4315,TRUE
lyr_00471,mil_0471,FALSE
lyr_07086,mil_1292,TRUE
lyr_07433,mil_1739,TRUE
lyr_00286,mil_3858,TRUE
lyr_00287,mil_0287,FALSE
lyr_02620,mil_1928,TRUE
lyr_00273,mil_0273,FALSE
lyr_03338,mil_0295,TRUE
lyr_01802,mil_1787,TRUE
lyr_10865,mil_0565,TRUE
lyr_00493,mil_0493,FALSE
lyr_05426,mil_3375,TRUE
lyr_00138,mil_0138,FALSE
lyr_00265,mil_0265,FALSE
lyr_09425,mil_0035,TRUE
lyr_00211,mil_0211,FALSE
lyr_04213,mil_0490,TRUE
lyr_10503,mil_1787,TRUE
lyr_03826,mil_4319,TRUE
lyr_10426,mil_1787,TRUE
lyr_00350,mil_0350,FALSE
lyr_06207,mil_0565,TRUE
lyr_00206,mil_0206,FALSE
lyr_10813,mil_0565,TRUE
lyr_01772,mil_1787,TRUE
lyr_00146,mil_0146,FALSE
lyr_00031,mil_0031,FALSE
lyr_01765,mil_1787,TRUE
lyr_08145,mil_3112,TRUE
lyr_11188,mil_0565,TRUE
lyr_03771,mil_4319,TRUE
lyr_00434,mil_0434,FALSE
lyr_00054,mil_0054,FALSE
lyr_03381,mil_3850,TRUE
lyr_00387,mil_0387,FALSE
lyr_00181,mil_0181,FALSE
lyr_09477,mil_3186,TRUE
lyr_11217,mil_1255,TRUE
lyr_09423,mil_0009,TRUE
lyr_04122,mil_0040,TRUE
lyr_09796,mil_3291,TRUE
lyr_00409,mil_0409,FALSE
lyr_05579,mil_2543,TRUE
lyr_00331,mil_0331,FALSE
lyr_11286,mil_0565,TRUE
lyr_06410,mil_0565,TRUE
lyr_01763,mil_1787,TRUE
lyr_11942,mil_2175,TRUE
lyr_05724,mil_2009,TRUE
lyr_03557,mil_4377,TRUE
lyr_00230,mil_0230,FALSE
lyr_00064,mil_0064,FALSE
lyr_00251,mil_0251,FALSE
lyr_12008,mil_2175,TRUE
lyr_00357,mil_0357,FALSE
lyr_05745,mil_2009,TRUE
lyr_00082,mil_0082,FALSE
lyr_11240,mil_2417,TRUE
lyr_00473,mil_0473,FALSE
lyr_00218,mil_0218,FALSE
lyr_06394,mil_1255,TRUE
lyr_01632,mil_1787,TRUE
lyr_09110,mil_3465,TRUE
lyr_00223,mil_0223,FALSE
lyr_06177,mil_0035,TRUE
lyr_04024,mil_4319,TRUE
lyr_06169,mil_1255,TRUE
lyr_01833,mil_2247,TRUE
lyr_05576,mil_1479,TRUE
lyr_10774,mil_0565,TRUE
lyr_00115,mil_0115,FALSE
lyr_09875,mil_3291,TRUE
lyr_05106,mil_0011,TRUE
lyr_01851,mil_1787,TRUE
lyr_10810,mil_1255,TRUE
lyr_04288,mil_4319,TRUE
lyr_11218,mil_1255,TRUE
lyr_11890,mil_1540,TRUE
lyr_00397,mil_0397,FALSE
lyr_00230,mil_3858,TRUE
lyr_10984,mil_2193,TRUE
lyr_12147,mil_2300,TRUE
