id_x,id_y,TF
lyr_09681,mil_3291,True
lyr_00899,mil_0899,False
lyr_00436,mil_0436,False
lyr_09557,mil_2798,True
lyr_02639,mil_1928,True
lyr_00175,mil_0175,False
lyr_07718,mil_1365,True
lyr_07117,mil_3873,True
lyr_09481,mil_1851,True
lyr_01076,mil_1076,False
lyr_06350,mil_0493,True
lyr_00326,mil_0326,False
lyr_00958,mil_0958,False
lyr_12026,mil_1540,True
lyr_01209,mil_2759,True
lyr_10800,mil_3830,True
lyr_00363,mil_0363,False
lyr_06289,mil_3645,True
lyr_01898,mil_1787,True
lyr_00238,,False
lyr_05626,mil_2009,True
lyr_00833,mil_0833,False
lyr_03534,mil_0295,True
lyr_00456,,False
lyr_09128,mil_3465,True
lyr_04049,mil_4319,True
lyr_00816,mil_0816,False
lyr_00555,mil_0555,False
lyr_03957,mil_3724,True
lyr_00283,mil_0283,False
lyr_10761,mil_2595,True
lyr_01688,mil_1787,True
lyr_00473,mil_0473,False
lyr_00262,mil_0262,False
lyr_01275,mil_2759,True
lyr_09575,mil_0035,True
lyr_00987,mil_0987,False
lyr_02139,mil_4066,True
lyr_00144,mil_0144,False
lyr_01897,mil_1787,True
lyr_00116,mil_0116,False
lyr_00633,mil_0633,False
lyr_00331,mil_0331,False
lyr_08873,mil_0501,True
lyr_00948,mil_0948,False
lyr_00361,mil_0361,False
lyr_00390,mil_0390,False
lyr_00827,mil_0827,False
lyr_08872,mil_3732,True
lyr_09656,mil_3291,True
lyr_07418,mil_1739,True
lyr_00779,mil_0779,False
lyr_00243,mil_0243,False
lyr_03097,mil_1162,True
lyr_08895,mil_0288,True
lyr_03260,mil_2430,True
lyr_10724,mil_0565,True
lyr_09705,mil_3291,True
lyr_03406,mil_4693,True
lyr_03316,mil_0295,True
lyr_00385,mil_0385,False
lyr_07336,mil_1739,True
lyr_02649,mil_2748,True
lyr_12304,mil_1556,True
lyr_00362,mil_3858,True
lyr_02127,mil_4066,True
lyr_00191,mil_0191,False
lyr_05996,mil_0914,True
lyr_00933,mil_0933,False
lyr_09607,mil_0035,True
lyr_00931,mil_0931,False
lyr_00624,mil_0624,False
lyr_04024,mil_4319,True
lyr_11982,mil_1030,True
lyr_12424,mil_1738,True
lyr_00834,mil_0834,False
lyr_12198,mil_1540,True
lyr_00406,mil_0406,False
lyr_09311,mil_0294,True
lyr_00955,mil_0955,False
lyr_02894,mil_1162,True
lyr_10865,mil_0565,True
lyr_11681,mil_2154,True
lyr_00672,mil_0672,False
lyr_00683,mil_0683,False
lyr_01070,mil_1070,False
lyr_02051,mil_4066,True
lyr_00664,mil_0664,False
lyr_02705,mil_4567,True
lyr_00921,mil_0921,False
lyr_01092,mil_1092,False
lyr_00131,mil_0131,False
lyr_10908,mil_0565,True
lyr_00409,mil_0409,False
lyr_05701,mil_0528,True
lyr_00114,mil_0114,False
lyr_09583,mil_1851,True
lyr_00259,mil_0259,False
lyr_00597,mil_4518,True
lyr_00447,mil_0447,False
lyr_04013,mil_3431,True
lyr_02584,mil_3858,True
lyr_00693,mil_0693,False
lyr_10552,mil_4069,True
lyr_00085,mil_1018,True
lyr_08145,mil_3112,True
lyr_01021,mil_1021,False
lyr_00775,mil_0775,False
lyr_02864,mil_0048,True
lyr_10272,mil_0517,True
lyr_01871,mil_0181,True
lyr_00785,mil_0785,False
lyr_00690,mil_0690,False
lyr_04699,mil_0011,True
lyr_00776,mil_0776,False
lyr_09946,mil_0035,True
lyr_00873,mil_0873,False
lyr_03679,mil_2430,True
lyr_00956,mil_0956,False
lyr_00652,mil_0652,False
lyr_10929,mil_0493,True
lyr_07305,mil_1739,True
lyr_00128,mil_0128,False
lyr_06337,mil_2055,True
lyr_00753,mil_0753,False
lyr_07094,mil_0352,True
lyr_04224,mil_4027,True
lyr_08929,mil_0565,True
lyr_07089,mil_4633,True
lyr_03680,mil_0295,True
lyr_05435,mil_2365,True
lyr_00788,mil_0788,False
lyr_11223,mil_1108,True
lyr_01046,mil_1046,False
lyr_06191,mil_1627,True
lyr_00181,mil_0181,False
lyr_09620,mil_0035,True
lyr_11980,mil_1540,True
lyr_01643,mil_1787,True
lyr_07706,mil_3112,True
lyr_00988,mil_0988,False
lyr_09496,mil_0288,True
lyr_10427,mil_0181,True
lyr_10474,mil_1787,True
lyr_10679,mil_0565,True
lyr_06327,mil_0035,True
lyr_00628,mil_0628,False
lyr_10770,mil_0565,True
lyr_04018,mil_1816,True
lyr_00310,mil_0310,False
lyr_09930,mil_2070,True
lyr_05575,mil_0440,True
lyr_02994,mil_1162,True
lyr_00767,mil_0767,False
lyr_05505,mil_1479,True
lyr_09147,mil_3465,True
lyr_03459,mil_2430,True
lyr_01734,mil_1787,True
lyr_00126,mil_0126,False
lyr_00846,mil_0846,False
lyr_07314,mil_1739,True
lyr_09801,mil_3291,True
lyr_00303,mil_0303,False
lyr_00317,mil_0317,False
lyr_00312,mil_0312,False
lyr_06067,mil_1086,True
lyr_10240,mil_1787,True
lyr_08023,mil_0869,True
lyr_00978,mil_0978,False
lyr_00594,mil_0594,False
lyr_01039,mil_1039,False
lyr_00924,mil_0924,False
lyr_09629,mil_3291,True
lyr_00357,mil_2748,True
lyr_12023,mil_0881,True
lyr_00063,mil_0063,False
lyr_03339,mil_2349,True
lyr_02706,mil_2748,True
lyr_10836,mil_0276,True
lyr_00355,mil_0355,False
lyr_00101,mil_0101,False
lyr_00547,mil_0547,False
lyr_01789,mil_2247,True
lyr_00867,mil_0867,False
lyr_00564,mil_0564,False
lyr_00897,mil_0897,False
lyr_08954,mil_0493,True
lyr_00203,mil_0203,False
lyr_10700,mil_1378,True
lyr_04230,mil_4319,True
lyr_12002,mil_0408,True
lyr_01890,mil_2247,True
lyr_03338,mil_0295,True
lyr_01060,mil_1060,False
lyr_00254,mil_0254,False
lyr_01882,mil_2247,True
lyr_00038,mil_0038,False
lyr_00796,mil_0796,False
lyr_00446,mil_0446,False
lyr_02635,mil_1928,True
lyr_03646,mil_1484,True
lyr_09839,mil_3252,True
lyr_03602,mil_0295,True
lyr_10511,mil_1787,True
lyr_00357,mil_0357,False
lyr_00560,mil_0560,False
lyr_00350,mil_0350,False
lyr_00830,mil_0830,False
lyr_01002,mil_1002,False
lyr_00159,mil_0159,False
lyr_00993,mil_0993,False
lyr_01052,mil_1052,False
lyr_07096,mil_2385,True
lyr_09743,mil_3291,True
lyr_00655,mil_0655,False
lyr_01115,mil_2759,True
lyr_11920,mil_1540,True
lyr_00755,mil_0755,False
lyr_10766,mil_0035,True
lyr_06172,mil_0762,True
lyr_00761,mil_0761,False
lyr_00975,mil_0975,False
lyr_00244,mil_0244,False
lyr_00580,mil_0580,False
lyr_00087,mil_0087,False
lyr_00253,mil_0253,False
lyr_08146,mil_4560,True
lyr_01819,mil_1787,True
lyr_01062,mil_1062,False
lyr_09816,mil_3291,True
lyr_00093,mil_0077,True
lyr_02947,mil_0319,True
lyr_06263,mil_0565,True
lyr_03821,mil_0040,True
lyr_00443,mil_0443,False
lyr_07084,mil_4764,True
lyr_10779,mil_2325,True
lyr_09938,mil_0035,True
lyr_04198,mil_0490,True
lyr_06333,mil_0535,True
lyr_10934,mil_0565,True
lyr_00313,mil_3858,True
lyr_00384,,False
lyr_00673,mil_3086,True
lyr_00994,mil_0994,False
lyr_07106,mil_2830,True
lyr_00167,mil_0167,False
lyr_10804,mil_1007,True
lyr_07099,mil_3873,True
lyr_10794,mil_3470,True
lyr_00237,mil_0237,False
lyr_06164,mil_3065,True
lyr_12422,mil_0847,True
lyr_00597,mil_0597,False
lyr_10814,mil_2099,True
lyr_07836,mil_1365,True
lyr_00042,mil_0042,False
lyr_09486,mil_1963,True
lyr_00240,mil_0240,False
lyr_00231,mil_0231,False
lyr_01437,mil_0721,True
lyr_00377,mil_0377,False
lyr_05994,mil_0914,True
lyr_00700,mil_0008,True
lyr_03827,mil_4319,True
lyr_10906,mil_0565,True
lyr_04011,mil_4319,True
lyr_09295,mil_1325,True
lyr_06366,mil_1977,True
lyr_03219,mil_0797,True
lyr_01053,mil_1053,False
lyr_00944,mil_0944,False
lyr_09947,mil_0565,True
lyr_01809,mil_1787,True
lyr_01843,mil_1787,True
lyr_03956,mil_0040,True
lyr_01747,mil_1787,True
lyr_00941,mil_0941,False
lyr_00998,mil_0998,False
lyr_10825,mil_0035,True
lyr_00927,mil_0927,False
lyr_06177,mil_0035,True
lyr_00515,mil_0515,False
lyr_00904,mil_0904,False
lyr_00745,mil_0745,False
lyr_00280,mil_0280,False
lyr_06180,mil_1627,True
lyr_00733,mil_3772,True
lyr_00938,mil_0938,False
lyr_10643,mil_4421,True
lyr_09907,mil_3291,True
lyr_06346,mil_4253,True
lyr_10541,mil_1787,True
lyr_11871,mil_1540,True
lyr_03592,mil_0295,True
lyr_00855,mil_0855,False
lyr_00013,mil_0013,False
lyr_10757,mil_0911,True
lyr_00194,mil_2493,True
lyr_00749,mil_0749,False
lyr_00679,mil_0679,False
lyr_00073,mil_0073,False
lyr_07306,mil_1739,True
lyr_00209,mil_0209,False
lyr_00550,mil_1191,True
lyr_12418,mil_1738,True
lyr_00611,mil_0611,False
lyr_08920,mil_3293,True
lyr_00058,mil_0058,False
lyr_00100,mil_0100,False
lyr_00088,mil_0088,False
lyr_01011,mil_1011,False
lyr_11245,mil_2985,True
lyr_00814,mil_1587,True
lyr_04123,mil_3431,True
lyr_11847,mil_1540,True
lyr_07155,mil_1739,True
lyr_01001,mil_1001,False
lyr_05628,mil_2009,True
lyr_00294,mil_4783,True
lyr_00830,mil_0958,True
lyr_03574,mil_0295,True
lyr_10900,mil_2314,True
lyr_00866,mil_0866,False
lyr_00477,mil_0477,False
lyr_10826,mil_1007,True
lyr_10488,mil_3260,True
lyr_00782,mil_0782,False
lyr_00909,mil_0909,False
lyr_07142,mil_2830,True
lyr_11320,mil_1079,True
lyr_09853,mil_3291,True
lyr_00848,mil_0848,False
lyr_00733,mil_0733,False
lyr_09506,mil_1505,True
lyr_06412,mil_1255,True
lyr_09860,mil_3291,True
lyr_01665,mil_1787,True
lyr_00622,mil_0622,False
lyr_00090,mil_0090,False
lyr_00010,mil_0010,False
lyr_10482,mil_1787,True
lyr_06130,mil_0660,True
lyr_09140,mil_3465,True
lyr_00341,mil_0341,False
lyr_09908,mil_0939,True
lyr_00308,mil_0308,False
lyr_06334,mil_1255,True
lyr_00330,mil_0330,False
lyr_00282,mil_0282,False
lyr_01013,mil_1013,False
lyr_00625,mil_0625,False
lyr_00082,mil_2160,True
lyr_00018,mil_0018,False
lyr_00999,mil_0999,False
lyr_00864,mil_0864,False
lyr_07081,mil_3089,True
lyr_00137,mil_0137,False
lyr_00205,mil_0205,False
lyr_09124,mil_3465,True
lyr_01926,mil_1787,True
lyr_06354,mil_0493,True
lyr_10841,mil_0565,True
lyr_07097,mil_2235,True
lyr_03247,mil_0640,True
lyr_04860,mil_0011,True
lyr_03943,mil_0040,True
lyr_00022,mil_0022,False
lyr_00674,,False
lyr_00398,mil_0398,False
lyr_00770,mil_0770,False
lyr_09121,mil_3465,True
lyr_01074,mil_1074,False
lyr_03524,mil_0295,True
lyr_10550,mil_1787,True
lyr_00939,mil_0939,False
lyr_07900,mil_3112,True
lyr_00542,mil_0542,False
lyr_08470,mil_3888,True
lyr_10424,mil_1787,True
lyr_00329,mil_0329,False
lyr_00732,mil_0732,False
lyr_06395,mil_1255,True
lyr_00821,mil_0821,False
lyr_01012,mil_1012,False
lyr_07203,mil_1739,True
lyr_00239,mil_0239,False
lyr_09129,mil_3465,True
lyr_07116,mil_3873,True
lyr_06402,mil_0565,True
lyr_02546,mil_4414,True
lyr_02654,mil_0431,True
lyr_00786,mil_0786,False
lyr_10401,mil_3744,True
lyr_00252,mil_3858,True
lyr_06072,mil_1678,True
lyr_02578,mil_1928,True
lyr_12427,mil_1556,True
lyr_00828,mil_0828,False
lyr_09532,mil_3470,True
lyr_05647,mil_2009,True
lyr_00802,mil_0802,False
lyr_01896,mil_1787,True
lyr_00215,mil_0215,False
lyr_07316,mil_1739,True
lyr_01064,mil_1064,False
lyr_11238,mil_1255,True
lyr_00077,mil_0077,False
lyr_00598,mil_0598,False
lyr_00840,mil_0840,False
lyr_06071,mil_3162,True
lyr_01913,mil_1787,True
lyr_03624,mil_4339,True
lyr_00609,mil_1191,True
lyr_07625,mil_3112,True
lyr_08009,mil_1365,True
lyr_00654,mil_0654,False
lyr_00029,mil_0029,False
lyr_00657,mil_0657,False
lyr_00540,mil_0540,False
lyr_07130,mil_4764,True
lyr_00750,mil_0750,False
lyr_02700,mil_2496,True
lyr_00847,mil_0847,False
lyr_00907,mil_0907,False
lyr_01028,mil_1028,False
lyr_00878,mil_0878,False
lyr_00027,mil_0027,False
lyr_10635,mil_1293,True
lyr_09614,mil_0758,True
lyr_00183,mil_0183,False
lyr_00135,mil_0135,False
lyr_13957,mil_4065,True
lyr_03125,mil_4751,True
lyr_01886,mil_1787,True
lyr_00945,mil_0945,False
lyr_00643,mil_0643,False
lyr_08774,mil_0935,True
lyr_10754,mil_0762,True
lyr_00915,mil_0915,False
lyr_03168,mil_1162,True
lyr_00630,mil_0630,False
lyr_10786,mil_3694,True
lyr_00760,mil_0760,False
lyr_06304,mil_0035,True
lyr_01085,mil_1085,False
lyr_09501,mil_0565,True
lyr_09523,mil_0565,True
lyr_03160,mil_0569,True
lyr_00510,mil_0510,False
lyr_01210,mil_1213,True
lyr_08007,mil_1000,True
lyr_03457,mil_0295,True
lyr_00459,mil_0459,False
lyr_00936,mil_0936,False
lyr_00424,mil_0424,False
lyr_00977,mil_0977,False
lyr_00382,mil_0382,False
lyr_09669,mil_3291,True
lyr_09465,mil_1007,True
lyr_07891,mil_3112,True
lyr_12300,mil_1556,True
lyr_00665,mil_0665,False
lyr_00032,mil_0032,False
lyr_10874,mil_3645,True
lyr_09023,mil_0565,True
lyr_00736,mil_0736,False
lyr_00983,mil_0983,False
lyr_06250,mil_1255,True
lyr_06349,mil_3186,True
lyr_10642,mil_3918,True
lyr_00001,mil_0001,False
lyr_01069,mil_1069,False
lyr_09435,mil_0343,True
lyr_06411,mil_0288,True
lyr_01698,mil_1787,True
lyr_09662,mil_3291,True
lyr_00906,mil_0906,False
lyr_02979,mil_1162,True
lyr_08044,mil_1365,True
lyr_04391,mil_2049,True
lyr_01035,mil_1035,False
lyr_08754,mil_1874,True
lyr_09440,mil_3244,True
lyr_00645,mil_0645,False
lyr_08971,mil_0911,True
lyr_00366,mil_0366,False
lyr_02473,mil_4414,True
lyr_00799,mil_0799,False
lyr_04672,mil_0011,True
lyr_00505,mil_0505,False
lyr_00703,mil_0703,False
lyr_00216,mil_0216,False
lyr_00985,mil_3536,True
lyr_02959,mil_1162,True
lyr_05618,mil_2543,True
lyr_11274,mil_0035,True
lyr_06175,mil_1255,True
lyr_09452,mil_0565,True
lyr_00557,mil_1191,True
lyr_00461,mil_0461,False
lyr_00182,mil_0182,False
lyr_00337,mil_0337,False
lyr_10926,mil_0565,True
lyr_10921,mil_0565,True
lyr_06335,mil_0035,True
lyr_03572,mil_4072,True
lyr_00566,mil_0566,False
lyr_00098,mil_0098,False
lyr_06083,mil_1678,True
lyr_00432,mil_0432,False
lyr_00119,mil_0119,False
lyr_06269,mil_0793,True
lyr_00506,mil_0506,False
lyr_01372,mil_0721,True
lyr_05440,mil_1479,True
lyr_07082,mil_3873,True
lyr_00670,mil_0670,False
lyr_05745,mil_2009,True
lyr_00076,mil_0076,False
lyr_08918,mil_4360,True
lyr_01802,mil_1787,True
lyr_09527,mil_0565,True
lyr_09009,mil_0565,True
lyr_00046,mil_0046,False
lyr_00272,mil_0272,False
lyr_01662,mil_1787,True
lyr_00571,mil_0571,False
lyr_00072,mil_0072,False
lyr_01891,mil_1787,True
lyr_00942,mil_0942,False
lyr_03494,mil_0295,True
lyr_00271,mil_0271,False
lyr_02821,mil_0569,True
lyr_00697,mil_0697,False
lyr_03410,mil_2349,True
lyr_11933,mil_1540,True
lyr_00380,mil_0380,False
lyr_00286,mil_3858,True
lyr_00854,mil_0854,False
lyr_00997,mil_0997,False
lyr_01636,mil_1787,True
lyr_03984,mil_4319,True
lyr_09476,mil_0035,True
lyr_12008,mil_2175,True
lyr_00617,mil_0617,False
lyr_08979,mil_0762,True
lyr_01211,mil_0642,True
lyr_08902,mil_1426,True
lyr_05610,mil_2009,True
lyr_01049,mil_1049,False
lyr_00696,mil_0696,False
lyr_01081,mil_1081,False
lyr_11219,mil_2620,True
lyr_00481,mil_0481,False
lyr_02062,mil_4066,True
lyr_06261,mil_2705,True
lyr_11113,mil_2193,True
lyr_10879,mil_1872,True
lyr_00765,mil_0765,False
lyr_09567,mil_1051,True
lyr_00107,mil_0107,False
lyr_01038,mil_1038,False
lyr_09553,mil_1585,True
lyr_01842,mil_1787,True
lyr_00472,mil_0472,False
lyr_00081,mil_0081,False
lyr_00327,mil_0327,False
lyr_06169,mil_1255,True
lyr_09318,mil_1026,True
lyr_09531,mil_0565,True
lyr_00861,mil_0861,False
lyr_00292,mil_0292,False
lyr_03255,mil_0295,True
lyr_00370,mil_0370,False
lyr_01072,mil_1072,False
lyr_00373,mil_0373,False
lyr_00795,mil_0795,False
lyr_11284,mil_0911,True
lyr_02621,mil_1928,True
lyr_01073,mil_1073,False
lyr_00501,mil_0501,False
lyr_00374,mil_0374,False
lyr_02840,mil_0048,True
lyr_09552,mil_0565,True
lyr_06361,mil_1255,True
lyr_10719,mil_0035,True
lyr_00343,mil_0343,False
lyr_06161,mil_0035,True
lyr_00378,mil_0378,False
lyr_01080,mil_1080,False
lyr_00277,mil_0277,False
lyr_09664,mil_3291,True
lyr_02623,mil_3858,True
lyr_07886,mil_0669,True
lyr_00659,mil_0659,False
lyr_00841,mil_0841,False
lyr_10889,mil_0565,True
lyr_00609,mil_0609,False
lyr_00003,mil_0003,False
lyr_12084,mil_2300,True
lyr_01018,mil_1018,False
lyr_09918,mil_2653,True
lyr_07095,mil_0491,True
lyr_07395,mil_1739,True
lyr_09829,mil_3291,True
lyr_00922,mil_0922,False
lyr_00452,mil_0452,False
lyr_00739,mil_0739,False
lyr_01750,mil_1787,True
lyr_01118,mil_2759,True
lyr_00347,mil_0347,False
lyr_13945,mil_2652,True
lyr_12134,mil_1431,True
lyr_05553,mil_2365,True
lyr_00908,mil_0908,False
lyr_06855,mil_4712,True
lyr_00666,mil_0666,False
lyr_01881,mil_1787,True
lyr_09720,mil_3291,True
lyr_06326,mil_1255,True
lyr_08015,mil_4011,True
lyr_05693,mil_2009,True
lyr_00928,mil_0928,False
lyr_07864,mil_0869,True
lyr_10721,mil_1007,True
lyr_00551,mil_0551,False
lyr_00433,mil_0433,False
lyr_08927,mil_0565,True
lyr_09914,mil_0939,True
lyr_11247,mil_1371,True
lyr_10716,mil_3830,True
lyr_11952,mil_1540,True
lyr_10869,mil_3533,True
lyr_12021,mil_1494,True
lyr_00916,mil_0916,False
lyr_00708,mil_0708,False
lyr_06176,mil_1256,True
lyr_00195,mil_2583,True
lyr_00631,mil_0631,False
lyr_07242,mil_1739,True
lyr_00401,mil_0401,False
lyr_06075,mil_3275,True
lyr_00651,mil_0651,False
lyr_12434,mil_2704,True
lyr_02794,mil_0048,True
lyr_00139,mil_0139,False
lyr_01006,mil_1006,False
lyr_01770,mil_1787,True
lyr_01010,mil_1010,False
lyr_00372,mil_0372,False
lyr_07428,mil_1739,True
lyr_00241,mil_0241,False
lyr_00805,mil_0805,False
lyr_10678,mil_2595,True
lyr_01400,mil_0721,True
lyr_00917,mil_0917,False
lyr_00756,mil_0756,False
lyr_00379,mil_0379,False
lyr_02604,mil_1928,True
lyr_11215,mil_2417,True
lyr_00810,mil_0810,False
lyr_10861,mil_1007,True
lyr_00164,mil_0164,False
lyr_09715,mil_3291,True
lyr_06218,mil_2417,True
lyr_05423,mil_1479,True
lyr_02664,mil_3858,True
lyr_00247,mil_0247,False
lyr_00853,mil_0853,False
lyr_01864,mil_1787,True
lyr_03318,mil_0295,True
lyr_00570,mil_0570,False
lyr_10877,mil_0565,True
lyr_00687,mil_0687,False
lyr_01934,mil_1787,True
lyr_00444,,False
lyr_01914,mil_1787,True
lyr_00178,mil_0178,False
lyr_00067,mil_0067,False
lyr_00163,mil_0163,False
lyr_00524,mil_0524,False
lyr_09446,mil_2417,True
lyr_00242,mil_0242,False
lyr_11242,mil_1255,True
lyr_07698,mil_2102,True
lyr_00596,mil_0596,False
lyr_01690,mil_1787,True
lyr_00740,mil_3086,True
lyr_05558,mil_2365,True
lyr_00455,mil_0455,False
lyr_11211,mil_1255,True
lyr_00490,mil_0490,False
lyr_01099,mil_1099,False
lyr_06343,mil_2595,True
lyr_00147,mil_0147,False
lyr_09931,mil_1256,True
lyr_10205,mil_1787,True
lyr_01003,mil_1003,False
lyr_09647,mil_3291,True
lyr_00152,mil_0152,False
lyr_01449,mil_0721,True
lyr_01088,mil_1088,False
lyr_10911,mil_1426,True
lyr_00919,mil_0919,False
lyr_09518,mil_0948,True
lyr_04531,mil_2049,True
lyr_00534,mil_0534,False
lyr_11875,mil_1540,True
lyr_01015,mil_1015,False
lyr_12027,mil_2154,True
lyr_00579,mil_0579,False
lyr_08638,mil_3732,True
lyr_00898,mil_0898,False
lyr_03942,mil_4319,True
lyr_00526,mil_0526,False
lyr_09293,mil_4374,True
lyr_00123,mil_0123,False
lyr_00791,mil_0791,False
lyr_00695,mil_0695,False
lyr_01942,mil_1787,True
lyr_01638,mil_2247,True
lyr_06231,mil_0493,True
lyr_10736,mil_0565,True
lyr_00504,mil_0504,False
lyr_00832,mil_0832,False
lyr_00522,mil_0522,False
lyr_00083,mil_0083,False
lyr_00142,mil_0142,False
lyr_00422,mil_0422,False
lyr_00807,mil_0807,False
lyr_00065,mil_0065,False
lyr_00184,mil_0184,False
lyr_00935,mil_0935,False
lyr_00815,mil_0815,False
lyr_09433,mil_4552,True
lyr_06238,mil_2653,True
lyr_00184,mil_3168,True
lyr_00719,mil_0719,False
lyr_00367,mil_0367,False
lyr_00250,mil_0250,False
lyr_06217,mil_2705,True
lyr_03385,mil_0295,True
lyr_00397,mil_1928,True
lyr_06186,mil_1977,True
lyr_00684,mil_0684,False
lyr_09821,mil_3291,True
lyr_00513,mil_0513,False
lyr_10899,mil_0762,True
lyr_00427,mil_3858,True
lyr_10756,mil_0636,True
lyr_00777,mil_0777,False
lyr_05616,mil_2009,True
lyr_07976,mil_0669,True
lyr_08845,mil_1907,True
lyr_00974,mil_0974,False
lyr_09667,mil_3291,True
lyr_03230,mil_0295,True
lyr_05535,mil_3375,True
lyr_00960,mil_0960,False
lyr_00348,mil_0348,False
lyr_00759,mil_0759,False
lyr_09680,mil_3291,True
lyr_10897,mil_3783,True
lyr_00322,mil_0322,False
lyr_00190,mil_0190,False
lyr_06300,mil_0035,True
lyr_01027,mil_1027,False
lyr_00739,mil_3633,True
lyr_01602,mil_1787,True
lyr_00376,mil_0376,False
lyr_09520,mil_3304,True
lyr_00639,mil_0639,False
lyr_00256,mil_0256,False
lyr_00315,mil_0315,False
lyr_11198,mil_1255,True
lyr_00075,mil_0075,False
lyr_00492,mil_0492,False
lyr_01717,mil_1787,True
lyr_01798,mil_1787,True
lyr_09499,mil_0565,True
lyr_00568,mil_0568,False
lyr_00209,mil_1806,True
lyr_05542,mil_2365,True
lyr_10973,mil_2193,True
lyr_01005,mil_1005,False
lyr_11914,mil_1540,True
lyr_10232,mil_2247,True
lyr_00157,mil_0157,False
lyr_00468,mil_0468,False
lyr_03671,mil_4022,True
lyr_10892,mil_4459,True
lyr_00520,mil_0520,False
lyr_10896,mil_0493,True
lyr_00773,mil_0773,False
lyr_01815,mil_1787,True
lyr_06311,mil_2595,True
lyr_03099,mil_1162,True
lyr_00952,mil_0952,False
lyr_00266,mil_0266,False
lyr_08884,mil_2406,True
lyr_00447,mil_2748,True
lyr_00404,mil_0404,False
lyr_00356,mil_0356,False
lyr_00951,mil_0951,False
lyr_12097,mil_4017,True
lyr_09526,mil_0565,True
lyr_01068,mil_1068,False
lyr_11303,mil_0157,True
lyr_00794,mil_0794,False
lyr_03891,mil_4319,True
lyr_00914,mil_0914,False
lyr_00762,mil_0762,False
lyr_06246,mil_0199,True
lyr_06220,mil_0493,True
lyr_10813,mil_0565,True
lyr_07202,mil_1739,True
lyr_00229,mil_0229,False
lyr_00484,mil_0484,False
lyr_00407,mil_4315,True
lyr_00563,mil_0563,False
lyr_00888,mil_0888,False
lyr_00953,mil_0953,False
lyr_00109,mil_0109,False
lyr_09383,mil_4374,True
lyr_00284,mil_0284,False
lyr_00419,mil_0419,False
lyr_10759,mil_2309,True
lyr_10984,mil_2193,True
lyr_04244,mil_4319,True
lyr_13980,mil_0540,True
lyr_12748,mil_0012,True
lyr_00531,mil_0531,False
lyr_05313,mil_0011,True
lyr_00448,mil_0448,False
lyr_00590,mil_0590,False
lyr_00441,mil_0441,False
lyr_00286,mil_0286,False
lyr_05703,mil_3357,True
lyr_00621,mil_0621,False
lyr_00214,mil_0214,False
lyr_10731,mil_2595,True
lyr_00483,mil_0483,False
lyr_06253,mil_1851,True
lyr_00413,mil_1928,True
lyr_09535,mil_1627,True
lyr_00150,mil_0150,False
lyr_06179,mil_1627,True
lyr_03192,mil_0295,True
lyr_00469,mil_0469,False
lyr_02620,mil_1928,True
lyr_00972,mil_0972,False
lyr_00852,mil_0852,False
lyr_00563,mil_2903,True
lyr_00595,mil_0595,False
lyr_03609,mil_0295,True
lyr_00319,mil_0319,False
lyr_00016,mil_0016,False
lyr_01621,mil_1787,True
lyr_00288,mil_0288,False
lyr_09679,mil_3291,True
lyr_00523,mil_0523,False
lyr_09331,mil_4374,True
lyr_00290,mil_0290,False
lyr_13299,mil_4695,True
lyr_01943,mil_1787,True
lyr_10636,mil_1703,True
lyr_03237,mil_0295,True
lyr_00567,mil_0567,False
lyr_00394,mil_0394,False
lyr_09597,mil_0565,True
lyr_00809,mil_0809,False
lyr_09471,mil_1585,True
lyr_11217,mil_1255,True
lyr_10909,mil_1007,True
lyr_06226,mil_0565,True
lyr_00334,mil_0334,False
lyr_09498,mil_2705,True
lyr_10866,mil_3795,True
lyr_00440,mil_0440,False
lyr_05474,mil_1479,True
lyr_09114,mil_3465,True
lyr_00856,mil_0856,False
lyr_03055,mil_1162,True
lyr_00863,mil_0863,False
lyr_00865,mil_0865,False
lyr_10738,mil_0565,True
lyr_00668,mil_0668,False
lyr_00365,mil_1928,True
lyr_03581,mil_4132,True
lyr_00342,mil_0342,False
lyr_09477,mil_3186,True
lyr_00268,mil_0268,False
lyr_10609,mil_1787,True
lyr_00519,mil_0519,False
lyr_10810,mil_1255,True
lyr_08958,mil_0565,True
lyr_00458,mil_0458,False
lyr_10833,mil_1007,True
lyr_09469,mil_1255,True
lyr_01083,mil_1083,False
lyr_00868,mil_0868,False
lyr_00902,mil_0902,False
lyr_06224,mil_0052,True
lyr_10931,mil_4249,True
lyr_10936,mil_0565,True
lyr_00180,mil_0180,False
lyr_00261,mil_0261,False
lyr_10539,mil_1787,True
lyr_10920,mil_2653,True
lyr_00817,mil_0817,False
lyr_01906,mil_1787,True
lyr_10817,mil_1007,True
lyr_00222,mil_0222,False
lyr_06199,mil_0199,True
lyr_00246,mil_0246,False
lyr_00637,mil_0637,False
lyr_03955,mil_3431,True
lyr_00333,mil_0333,False
lyr_00160,mil_0160,False
lyr_00442,mil_0442,False
lyr_03630,mil_3191,True
lyr_00746,mil_0746,False
lyr_01097,mil_1097,False
lyr_00198,mil_0198,False
lyr_09545,mil_0565,True
lyr_00957,mil_0957,False
lyr_10241,mil_1787,True
lyr_00991,mil_0991,False
lyr_00849,mil_0849,False
lyr_11207,mil_2595,True
lyr_03311,mil_0295,True
lyr_00976,mil_0976,False
lyr_10881,mil_0679,True
lyr_02607,mil_3858,True
lyr_06352,mil_0249,True
lyr_00889,mil_0889,False
lyr_04395,mil_2049,True
lyr_11192,mil_2653,True
lyr_01422,mil_0721,True
lyr_02904,mil_1162,True
lyr_12636,mil_1556,True
lyr_00860,mil_0860,False
lyr_00245,mil_0245,False
lyr_00970,mil_0970,False
lyr_05700,mil_2543,True
lyr_00886,mil_0886,False
lyr_00454,mil_0454,False
lyr_09549,mil_1007,True
lyr_11190,mil_0493,True
lyr_00166,mil_0166,False
lyr_00386,mil_0386,False
lyr_09109,mil_3465,True
lyr_01098,mil_1098,False
lyr_00360,mil_0360,False
lyr_00583,mil_0583,False
lyr_00030,mil_0030,False
lyr_03176,mil_1162,True
lyr_00721,mil_0721,False
lyr_01032,mil_1032,False
lyr_00064,mil_0064,False
lyr_03771,mil_4319,True
lyr_06376,mil_0636,True
lyr_00106,mil_0106,False
lyr_00725,mil_0725,False
lyr_00642,mil_0642,False
lyr_01845,mil_1787,True
lyr_09537,mil_4552,True
lyr_05677,mil_2009,True
lyr_00425,mil_0425,False
lyr_00130,mil_0130,False
lyr_10725,mil_0565,True
lyr_00688,mil_0688,False
lyr_00954,mil_0954,False
lyr_00982,mil_0982,False
lyr_00323,mil_0323,False
lyr_00582,mil_0582,False
lyr_00499,mil_0499,False
lyr_00009,mil_0009,False
lyr_00771,mil_0771,False
lyr_02934,mil_1162,True
lyr_00521,mil_0521,False
lyr_00460,mil_0460,False
lyr_00375,mil_0375,False
lyr_07101,mil_3428,True
lyr_04275,mil_4319,True
lyr_07676,mil_1000,True
lyr_00423,mil_0423,False
lyr_09887,mil_3291,True
lyr_00040,mil_0040,False
lyr_09576,mil_0035,True
lyr_00415,mil_0415,False
lyr_00900,mil_0900,False
lyr_00036,mil_0036,False
lyr_00713,mil_0713,False
lyr_01067,mil_1067,False
lyr_05547,mil_2365,True
lyr_11058,mil_2193,True
lyr_00496,mil_0496,False
lyr_09945,mil_1371,True
lyr_00062,mil_0062,False
lyr_00066,mil_0066,False
lyr_13218,mil_2967,True
lyr_11977,mil_4017,True
lyr_09538,mil_0493,True
lyr_02835,mil_1162,True
lyr_00158,mil_0158,False
lyr_12169,mil_1540,True
lyr_10917,mil_0101,True
lyr_00539,mil_0539,False
lyr_00508,mil_0508,False
lyr_09442,mil_2283,True
lyr_00967,mil_0967,False
lyr_00389,mil_0389,False
lyr_00814,mil_0814,False
lyr_09312,mil_1325,True
lyr_01792,mil_1787,True
lyr_00743,mil_0743,False
lyr_00043,mil_0043,False
lyr_00351,mil_0351,False
lyr_00193,mil_0193,False
lyr_00295,mil_0295,False
lyr_05432,mil_2365,True
lyr_10274,mil_1787,True
lyr_11275,mil_0035,True
lyr_09875,mil_3291,True
lyr_00301,mil_0301,False
lyr_10161,mil_1787,True
lyr_10849,mil_2806,True
lyr_00872,mil_0872,False
lyr_00084,mil_0084,False
lyr_01763,mil_1787,True
lyr_04287,mil_4319,True
lyr_10937,mil_2806,True
lyr_00548,mil_0548,False
lyr_01059,mil_1059,False
lyr_09319,mil_1311,True
lyr_00291,mil_0291,False
lyr_00996,mil_0996,False
lyr_00462,mil_0462,False
lyr_00589,mil_0589,False
lyr_10845,mil_2905,True
lyr_09317,mil_4374,True
lyr_06183,mil_0035,True
lyr_00391,mil_0391,False
lyr_00479,mil_0479,False
lyr_00793,mil_0793,False
lyr_02704,mil_1737,True
lyr_09941,mil_1963,True
lyr_07811,mil_1365,True
lyr_00204,mil_0204,False
lyr_00850,mil_0850,False
lyr_00199,mil_0199,False
lyr_07008,mil_0217,True
lyr_00179,mil_0179,False
lyr_00937,mil_0937,False
lyr_11209,mil_0035,True
lyr_04417,mil_3599,True
lyr_03642,mil_4693,True
lyr_00384,mil_3335,True
lyr_00019,mil_0019,False
lyr_00430,mil_0430,False
lyr_00336,mil_0336,False
lyr_00763,mil_0763,False
lyr_03571,mil_3211,True
lyr_04041,mil_4446,True
lyr_10542,mil_1787,True
lyr_06277,mil_0762,True
lyr_09697,mil_3291,True
lyr_00946,mil_0946,False
lyr_00349,mil_0349,False
lyr_00232,mil_1928,True
lyr_00023,mil_0023,False
lyr_08917,mil_0560,True
lyr_00653,mil_0653,False
lyr_00085,mil_0085,False
lyr_00883,mil_0883,False
lyr_00610,mil_0610,False
lyr_09796,mil_3291,True
lyr_01089,mil_1089,False
lyr_00923,mil_0923,False
lyr_02401,mil_0534,True
lyr_00021,mil_0021,False
lyr_10662,mil_1787,True
lyr_03397,mil_3437,True
lyr_00565,mil_0565,False
lyr_00033,mil_0033,False
lyr_00612,mil_0612,False
lyr_00405,mil_0405,False
lyr_09781,mil_3252,True
lyr_10684,mil_0035,True
lyr_11235,mil_0035,True
lyr_00476,mil_0476,False
lyr_05536,mil_0427,True
lyr_00986,mil_0986,False
lyr_00414,mil_0414,False
lyr_11747,mil_1540,True
lyr_11279,mil_1255,True
lyr_01849,mil_1787,True
lyr_06381,mil_1627,True
lyr_00556,mil_0556,False
lyr_03582,mil_0295,True
lyr_00797,mil_0797,False
lyr_00893,mil_0893,False
lyr_01146,mil_2759,True
lyr_00480,mil_0480,False
lyr_01057,mil_1057,False
lyr_00281,mil_0281,False
lyr_08919,mil_2653,True
lyr_00437,mil_0437,False
lyr_00587,mil_0587,False
lyr_00502,mil_0502,False
lyr_13146,mil_4695,True
lyr_00877,mil_0877,False
lyr_05576,mil_1479,True
lyr_09623,mil_0565,True
lyr_00453,mil_0453,False
lyr_00648,,False
lyr_11272,mil_1963,True
lyr_02997,mil_0569,True
lyr_03832,mil_3724,True
lyr_09423,mil_0009,True
lyr_00129,mil_0129,False
lyr_08102,mil_1365,True
lyr_00113,mil_0113,False
lyr_03645,mil_0947,True
lyr_03954,mil_4319,True
lyr_08941,mil_0565,True
lyr_03213,mil_1950,True
lyr_10843,mil_1007,True
lyr_01075,mil_1075,False
lyr_01413,mil_0721,True
lyr_00934,mil_0934,False
lyr_04303,mil_0040,True
lyr_00121,mil_0121,False
lyr_00895,mil_0895,False
lyr_11670,mil_1030,True
lyr_00545,mil_0545,False
lyr_12426,mil_2120,True
lyr_00054,mil_0054,False
lyr_03069,mil_1162,True
lyr_00095,mil_0095,False
lyr_00318,mil_0318,False
lyr_02119,mil_4066,True
lyr_06252,mil_1851,True
lyr_01811,mil_1787,True
lyr_10907,mil_0565,True
lyr_11240,mil_2417,True
lyr_09514,mil_0793,True
lyr_07115,mil_4633,True
lyr_12065,mil_1540,True
lyr_00232,mil_0232,False
lyr_10750,mil_2653,True
lyr_00134,mil_0134,False
lyr_00402,mil_0402,False
lyr_09430,mil_0288,True
lyr_00671,mil_0671,False
lyr_00248,mil_0248,False
lyr_01772,mil_1787,True
lyr_00264,mil_2748,True
lyr_00699,mil_0699,False
lyr_04281,mil_0222,True
lyr_09590,mil_0288,True
lyr_00837,mil_0837,False
lyr_01042,mil_1042,False
lyr_00836,mil_3253,True
lyr_07764,mil_3112,True
lyr_01820,mil_1787,True
lyr_00125,mil_0125,False
lyr_00465,mil_0465,False
lyr_05108,mil_0011,True
lyr_10820,mil_0009,True
lyr_10726,mil_2653,True
lyr_00623,mil_0623,False
lyr_00338,mil_0338,False
lyr_08922,mil_0946,True
lyr_00640,mil_0640,False
lyr_00298,mil_0298,False
lyr_00536,mil_0536,False
lyr_06271,mil_0035,True
lyr_00078,mil_0078,False
lyr_08082,mil_0869,True
lyr_06379,mil_3645,True
lyr_10593,mil_0503,True
lyr_01037,mil_1037,False
lyr_03958,mil_4319,True
lyr_00660,mil_0660,False
lyr_07349,mil_1739,True
lyr_05546,mil_1479,True
lyr_09649,mil_3252,True
lyr_00962,mil_0962,False
lyr_07111,mil_2830,True
lyr_00154,mil_0154,False
lyr_00155,mil_0155,False
lyr_10901,mil_0565,True
lyr_00435,mil_3858,True
lyr_00255,mil_0255,False
lyr_00316,mil_0316,False
lyr_00616,mil_0616,False
lyr_12105,mil_1431,True
lyr_03596,mil_1914,True
lyr_07679,mil_3112,True
lyr_00132,mil_0132,False
lyr_00431,mil_0431,False
lyr_00028,mil_0028,False
lyr_03181,mil_0295,True
lyr_00233,mil_0233,False
lyr_03995,mil_3431,True
lyr_00133,mil_0133,False
lyr_12897,mil_1556,True
lyr_00006,mil_0006,False
lyr_00269,mil_0269,False
lyr_00552,mil_0552,False
lyr_01744,mil_1787,True
lyr_00903,mil_0903,False
lyr_11974,mil_0467,True
lyr_00296,mil_0296,False
lyr_00533,mil_0533,False
lyr_00471,mil_0471,False
lyr_00426,mil_0426,False
lyr_00393,mil_0393,False
lyr_01858,mil_2247,True
lyr_10834,mil_0565,True
lyr_00882,mil_0882,False
lyr_00124,mil_0124,False
lyr_10638,mil_0130,True
lyr_09630,mil_3291,True
lyr_03826,mil_4319,True
lyr_07098,mil_0364,True
lyr_04288,mil_4319,True
lyr_10762,mil_0493,True
lyr_00735,mil_0735,False
lyr_02803,mil_0569,True
lyr_00052,mil_0052,False
lyr_02917,mil_1162,True
lyr_00004,mil_0004,False
lyr_00980,mil_0980,False
lyr_12039,mil_1540,True
lyr_11106,mil_2193,True
lyr_00011,mil_0011,False
lyr_00225,mil_0225,False
lyr_10819,mil_1007,True
lyr_11361,mil_1654,True
lyr_04106,mil_0040,True
lyr_00973,mil_0973,False
lyr_01056,mil_1056,False
lyr_01663,mil_1787,True
lyr_00704,mil_0704,False
lyr_09463,mil_0288,True
lyr_00115,mil_0115,False
lyr_09417,mil_4374,True
lyr_00804,mil_0804,False
lyr_07672,mil_1365,True
lyr_00475,mil_0475,False
lyr_00517,mil_4518,True
lyr_00257,mil_0257,False
lyr_00626,,False
lyr_01016,mil_1016,False
lyr_01029,mil_1029,False
lyr_08856,mil_1907,True
lyr_06080,mil_2297,True
lyr_09619,mil_0565,True
lyr_08074,mil_1365,True
lyr_07782,mil_3112,True
lyr_00574,mil_0574,False
lyr_02643,mil_1928,True
lyr_03389,mil_0295,True
lyr_08008,mil_3112,True
lyr_00086,mil_0086,False
lyr_01805,mil_1787,True
lyr_00844,mil_0844,False
lyr_00731,mil_0731,False
lyr_00482,mil_0482,False
lyr_03144,mil_0569,True
lyr_10856,mil_0911,True
lyr_00218,mil_0218,False
lyr_09604,mil_3244,True
lyr_08923,mil_0035,True
lyr_11281,mil_2595,True
lyr_00497,mil_0497,False
lyr_01065,mil_1065,False
lyr_08930,mil_3186,True
lyr_00894,mil_0894,False
lyr_07183,mil_1739,True
lyr_03148,mil_1162,True
lyr_00600,mil_0600,False
lyr_00747,mil_0747,False
lyr_00015,mil_0015,False
lyr_00411,mil_0411,False
lyr_00092,mil_0092,False
lyr_01614,mil_1787,True
lyr_10940,mil_0565,True
lyr_05719,mil_0822,True
lyr_00177,mil_0177,False
lyr_09870,mil_3291,True
lyr_04222,mil_1816,True
lyr_02836,mil_1162,True
lyr_00399,mil_0399,False
lyr_07433,mil_1739,True
lyr_00892,mil_0892,False
lyr_09917,mil_0035,True
lyr_01043,mil_1043,False
lyr_00069,mil_0069,False
lyr_00453,mil_2903,True
lyr_09805,mil_3252,True
lyr_10732,mil_0565,True
lyr_00744,mil_0744,False
lyr_00618,mil_0618,False
lyr_09900,mil_3291,True
lyr_03929,mil_4319,True
lyr_00823,mil_0823,False
lyr_00964,mil_0964,False
lyr_00950,mil_0950,False
lyr_06181,mil_2070,True
lyr_00737,mil_0737,False
lyr_08016,mil_4740,True
lyr_02984,mil_1162,True
lyr_06205,mil_0565,True
lyr_00686,mil_0686,False
lyr_01851,mil_1787,True
lyr_10450,mil_2080,True
lyr_10822,mil_1007,True
lyr_00099,mil_0099,False
lyr_00792,mil_0792,False
lyr_00920,mil_0920,False
lyr_00452,mil_4518,True
lyr_11289,mil_0565,True
lyr_00368,mil_0368,False
lyr_00234,mil_4783,True
lyr_12034,mil_4017,True
lyr_10646,mil_3591,True
lyr_07087,mil_1292,True
lyr_00591,mil_0591,False
lyr_00358,mil_0358,False
lyr_01768,mil_1787,True
lyr_00397,mil_0397,False
lyr_00211,mil_0211,False
lyr_09842,mil_3291,True
lyr_00601,mil_0601,False
lyr_11307,mil_1654,True
lyr_10809,mil_1426,True
lyr_00910,mil_0910,False
lyr_01630,mil_2247,True
lyr_00702,mil_0702,False
lyr_00754,mil_0754,False
lyr_00320,mil_0320,False
lyr_00173,mil_0173,False
lyr_00120,mil_0120,False
lyr_01930,mil_1787,True
lyr_03991,mil_4319,True
lyr_06409,mil_0565,True
lyr_00576,mil_0576,False
lyr_00838,mil_0838,False
lyr_03046,mil_0569,True
lyr_00647,mil_0647,False
lyr_00387,mil_0387,False
lyr_00741,mil_0741,False
lyr_06282,mil_2595,True
lyr_00466,mil_0466,False
lyr_00417,mil_0417,False
lyr_12000,mil_4017,True
lyr_00575,mil_0575,False
lyr_10160,mil_1787,True
lyr_00156,mil_0156,False
lyr_00362,mil_0362,False
lyr_01758,mil_1787,True
lyr_00734,mil_0734,False
lyr_00302,mil_0302,False
lyr_04653,mil_3599,True
lyr_00249,mil_0249,False
lyr_00143,mil_0143,False
lyr_10722,mil_2806,True
lyr_00252,mil_0252,False
lyr_00498,mil_0498,False
lyr_00083,mil_2962,True
lyr_00094,mil_0094,False
lyr_08981,mil_0565,True
lyr_00806,mil_0806,False
lyr_00784,mil_0784,False
lyr_09561,mil_1585,True
lyr_01924,mil_1787,True
lyr_07215,mil_1739,True
lyr_11723,mil_2154,True
lyr_11258,mil_2595,True
lyr_00396,,False
lyr_00881,mil_0881,False
lyr_00588,mil_0588,False
lyr_05317,mil_0011,True
lyr_00008,mil_0008,False
lyr_01726,mil_1787,True
lyr_00730,mil_0730,False
lyr_09564,mil_0128,True
lyr_01004,mil_1004,False
lyr_10353,mil_1787,True
lyr_00105,mil_0105,False
lyr_12052,mil_1540,True
lyr_00543,mil_0543,False
lyr_00493,mil_0493,False
lyr_05599,mil_2009,True
lyr_00503,mil_0503,False
lyr_02716,mil_4315,True
lyr_03332,mil_0295,True
lyr_08900,mil_0762,True
lyr_00680,mil_0680,False
lyr_01685,mil_1787,True
lyr_06178,mil_1977,True
lyr_10764,mil_2070,True
lyr_12129,mil_1540,True
lyr_10885,mil_1007,True
lyr_09404,mil_4374,True
lyr_00842,mil_0842,False
lyr_01765,mil_1787,True
lyr_01762,mil_1787,True
lyr_00989,mil_0989,False
lyr_00635,mil_0635,False
lyr_06209,mil_1255,True
lyr_11262,mil_2595,True
lyr_10932,mil_0565,True
lyr_00188,mil_0188,False
lyr_00780,mil_0780,False
lyr_00517,mil_0517,False
lyr_05426,mil_3375,True
lyr_01022,mil_1022,False
lyr_10681,mil_0565,True
lyr_02826,mil_0048,True
lyr_00835,mil_0835,False
lyr_00047,mil_0047,False
lyr_00932,mil_0932,False
lyr_00634,mil_4518,True
lyr_00324,mil_0324,False
lyr_00876,mil_0876,False
lyr_00307,mil_0307,False
lyr_01041,mil_1041,False
lyr_00172,mil_0172,False
lyr_05492,mil_1479,True
lyr_11263,mil_2705,True
lyr_09316,mil_2676,True
lyr_02796,mil_3572,True
lyr_03557,mil_4377,True
lyr_00304,mil_0304,False
lyr_07122,mil_3873,True
lyr_01927,mil_1787,True
lyr_01093,mil_1093,False
lyr_07995,mil_4020,True
lyr_01087,mil_1087,False
lyr_00451,mil_0451,False
lyr_08964,mil_0565,True
lyr_07372,mil_1739,True
lyr_00774,mil_0774,False
lyr_00416,mil_0416,False
lyr_08119,mil_2250,True
lyr_09245,mil_4374,True
lyr_00656,mil_0656,False
lyr_01412,mil_0721,True
lyr_09026,mil_0035,True
lyr_00201,mil_0201,False
lyr_06211,mil_0762,True
lyr_09004,mil_0565,True
lyr_07107,mil_0437,True
lyr_12055,mil_3283,True
lyr_01095,mil_1095,False
lyr_04652,mil_2049,True
lyr_00309,mil_0309,False
lyr_02093,mil_4066,True
lyr_05421,mil_2365,True
lyr_00571,mil_1191,True
lyr_10680,mil_0035,True
lyr_10930,mil_2595,True
lyr_00694,mil_0694,False
lyr_08812,mil_1907,True
lyr_01833,mil_2247,True
lyr_00603,mil_0603,False
lyr_10904,mil_2798,True
lyr_00449,mil_0449,False
lyr_00586,mil_0586,False
lyr_00194,mil_0194,False
lyr_01014,mil_1014,False
lyr_00905,mil_0905,False
lyr_06121,mil_2297,True
lyr_06325,mil_1294,True
lyr_00530,mil_0530,False
lyr_00665,mil_4469,True
lyr_03333,mil_4072,True
lyr_00234,mil_0234,False
lyr_00963,mil_0963,False
lyr_05548,mil_3177,True
lyr_00287,mil_0287,False
lyr_00726,mil_0726,False
lyr_08972,mil_4055,True
lyr_00146,mil_0146,False
lyr_06292,mil_1255,True
lyr_10640,mil_1787,True
lyr_06213,mil_2705,True
lyr_06393,mil_0762,True
lyr_00450,mil_0450,False
lyr_00871,mil_0871,False
lyr_00035,mil_0035,False
lyr_02884,mil_1162,True
lyr_03495,mil_3222,True
lyr_00294,mil_0294,False
lyr_01007,mil_1007,False
lyr_00328,mil_0328,False
lyr_00829,mil_0829,False
lyr_00605,mil_0605,False
lyr_00572,mil_0572,False
lyr_09135,mil_3465,True
lyr_00049,mil_0049,False
lyr_01034,,False
lyr_05391,mil_0011,True
lyr_09414,mil_4374,True
lyr_00299,mil_0299,False
lyr_00024,mil_0024,False
lyr_00383,mil_0383,False
lyr_00661,mil_0661,False
lyr_00230,mil_0230,False
lyr_00961,mil_0961,False
lyr_00213,mil_0213,False
lyr_06394,mil_1255,True
lyr_00875,mil_0875,False
lyr_01874,mil_1787,True
lyr_09778,mil_3252,True
lyr_00859,mil_0172,True
lyr_04188,mil_3431,True
lyr_00887,mil_0887,False
lyr_02699,mil_1928,True
lyr_10693,mil_0565,True
lyr_00740,mil_0740,False
lyr_00819,mil_0819,False
lyr_03587,mil_3178,True
lyr_00438,mil_0438,False
lyr_01054,mil_1054,False
lyr_00434,mil_0434,False
lyr_00311,mil_0311,False
lyr_00891,mil_0891,False
lyr_00669,mil_0669,False
lyr_00870,mil_0870,False
lyr_00224,mil_0224,False
lyr_00714,mil_0714,False
lyr_00926,mil_0926,False
lyr_00321,mil_0321,False
lyr_00236,mil_0236,False
lyr_09925,mil_1684,True
lyr_07173,mil_2306,True
lyr_05600,mil_2009,True
lyr_05738,mil_2009,True
lyr_00781,mil_0781,False
lyr_03430,mil_0295,True
lyr_06272,mil_1255,True
lyr_06386,mil_2595,True
lyr_00720,mil_0720,False
lyr_10723,mil_0565,True
lyr_00127,mil_0127,False
lyr_00278,mil_0278,False
lyr_00102,mil_0102,False
lyr_09091,mil_3465,True
lyr_06319,mil_1294,True
lyr_00606,mil_0606,False
lyr_02771,mil_1162,True
lyr_11661,mil_1540,True
lyr_00208,mil_0573,True
lyr_11188,mil_0565,True
lyr_00772,mil_0772,False
lyr_00716,mil_0716,False
lyr_00711,mil_0711,False
lyr_02772,mil_1162,True
lyr_02053,mil_1139,True
lyr_10774,mil_0565,True
lyr_07235,mil_1739,True
lyr_00592,mil_0592,False
lyr_00039,mil_0039,False
lyr_09457,mil_1255,True
lyr_00742,mil_0742,False
lyr_00089,mil_0089,False
lyr_01023,mil_1023,False
lyr_00258,mil_0258,False
lyr_00041,mil_0041,False
lyr_00486,mil_0486,False
lyr_00845,mil_0845,False
lyr_00185,mil_2063,True
lyr_00037,mil_0037,False
lyr_03568,mil_4366,True
lyr_09940,mil_0035,True
lyr_02619,mil_3858,True
lyr_00578,mil_0578,False
lyr_00346,mil_0346,False
lyr_00005,mil_0005,False
lyr_10765,mil_1378,True
lyr_00722,mil_0722,False
lyr_10829,mil_1007,True
lyr_03878,mil_0490,True
lyr_00148,mil_0148,False
lyr_03863,mil_0490,True
lyr_00581,mil_0581,False
lyr_00676,,False
lyr_01071,mil_1071,False
lyr_07181,mil_1739,True
lyr_00174,mil_0174,False
lyr_00306,mil_0306,False
lyr_00122,mil_0122,False
lyr_01620,mil_1787,True
lyr_09729,mil_3252,True
lyr_00068,mil_0068,False
lyr_00230,mil_3858,True
lyr_00264,mil_0264,False
lyr_10434,mil_0517,True
lyr_04160,mil_4319,True
lyr_00149,mil_0149,False
lyr_00059,mil_0059,False
lyr_00070,mil_0070,False
lyr_10769,mil_0493,True
lyr_07083,mil_4275,True
lyr_00789,mil_0789,False
lyr_00408,mil_0408,False
lyr_00014,mil_0014,False
lyr_00966,,False
lyr_03548,mil_0295,True
lyr_00723,mil_0723,False
lyr_09313,mil_3251,True
lyr_00604,mil_0604,False
lyr_00727,mil_0727,False
lyr_03638,mil_0866,True
lyr_00427,mil_0427,False
lyr_00685,mil_0685,False
lyr_01869,mil_1787,True
lyr_00265,mil_0265,False
lyr_10375,mil_1787,True
lyr_00404,mil_1928,True
lyr_00457,mil_0457,False
lyr_03608,mil_0295,True
lyr_02702,mil_1928,True
lyr_00546,mil_0546,False
lyr_02595,mil_3858,True
lyr_00629,mil_0629,False
lyr_04026,mil_4319,True
lyr_00020,mil_0020,False
lyr_03983,mil_4319,True
lyr_00766,mil_0766,False
lyr_00947,mil_0947,False
lyr_00495,mil_0495,False
lyr_00918,mil_0918,False
lyr_08132,mil_3879,True
lyr_00943,mil_0943,False
lyr_00869,mil_0869,False
lyr_00705,mil_0705,False
lyr_00161,mil_0161,False
lyr_01009,mil_1009,False
lyr_00359,mil_0359,False
lyr_10625,mil_1787,True
lyr_00858,mil_0858,False
lyr_04313,mil_4027,True
lyr_03290,mil_0295,True
lyr_00470,mil_0470,False
lyr_00251,mil_0251,False
lyr_11271,mil_2417,True
lyr_00549,mil_0549,False
lyr_01050,mil_1050,False
lyr_03559,mil_0295,True
lyr_00061,mil_0061,False
lyr_13943,mil_4065,True
lyr_01205,mil_2206,True
lyr_00593,mil_0593,False
lyr_00728,mil_0728,False
lyr_01817,mil_1787,True
lyr_02858,mil_1162,True
lyr_08891,mil_0793,True
lyr_05415,mil_1479,True
lyr_00800,mil_0800,False
lyr_00682,mil_0682,False
lyr_00512,mil_0512,False
lyr_00880,mil_0880,False
lyr_00060,mil_0060,False
lyr_00544,mil_0544,False
lyr_03961,mil_4319,True
lyr_00992,mil_0992,False
lyr_01627,mil_2247,True
lyr_00093,mil_0093,False
lyr_00851,mil_0851,False
lyr_08907,mil_3795,True
lyr_00949,mil_0949,False
lyr_03766,mil_3724,True
lyr_06266,mil_0244,True
lyr_01025,mil_1025,False
lyr_10763,mil_0565,True
lyr_00289,mil_0289,False
lyr_00050,mil_0050,False
lyr_00638,mil_0638,False
lyr_00275,mil_0275,False
lyr_08004,mil_1993,True
lyr_03415,mil_0640,True
lyr_00270,mil_0270,False
lyr_00277,mil_3858,True
lyr_00463,mil_0463,False
lyr_00056,mil_0056,False
lyr_00559,mil_0559,False
lyr_00509,mil_0509,False
lyr_00527,mil_0527,False
lyr_00169,mil_0169,False
lyr_03653,mil_0295,True
lyr_07285,mil_1739,True
lyr_00650,mil_0650,False
lyr_08938,mil_1695,True
lyr_00487,mil_0487,False
lyr_10666,mil_0130,True
lyr_00267,mil_0267,False
lyr_09314,mil_2384,True
lyr_10803,mil_0101,True
lyr_00824,mil_0824,False
lyr_09110,mil_3465,True
lyr_03579,mil_0295,True
lyr_10785,mil_4609,True
lyr_03586,mil_0640,True
lyr_00813,mil_0813,False
lyr_00832,mil_0261,True
lyr_06240,mil_1851,True
lyr_00104,mil_0104,False
lyr_00822,mil_3086,True
lyr_00400,mil_0400,False
lyr_01285,mil_0278,True
lyr_00627,mil_0627,False
lyr_09011,mil_1020,True
lyr_03794,mil_4319,True
lyr_00467,mil_0467,False
lyr_08997,mil_2070,True
lyr_00843,mil_0843,False
lyr_00186,mil_0186,False
lyr_00207,mil_0207,False
lyr_00441,mil_1928,True
lyr_00553,mil_0553,False
lyr_00701,mil_0701,False
lyr_00305,mil_0305,False
lyr_01901,mil_1787,True
lyr_00364,mil_0364,False
lyr_00082,mil_0082,False
lyr_00338,mil_1928,True
lyr_00381,mil_0381,False
lyr_00528,mil_0528,False
lyr_00500,mil_0500,False
lyr_00051,mil_0051,False
lyr_09010,mil_0035,True
lyr_00187,mil_0187,False
lyr_00080,mil_0080,False
lyr_10477,mil_1787,True
lyr_06206,mil_1255,True
lyr_00879,mil_0879,False
lyr_11204,mil_4015,True
lyr_00474,mil_0474,False
lyr_00195,mil_0195,False
lyr_11269,mil_0897,True
lyr_04285,mil_4319,True
lyr_00874,mil_0874,False
lyr_00168,mil_0168,False
lyr_00968,mil_0968,False
lyr_00681,mil_0681,False
lyr_00007,mil_0007,False
lyr_04282,mil_1816,True
lyr_11388,mil_1079,True
lyr_01428,mil_0721,True
lyr_12163,mil_1540,True
lyr_10883,mil_2237,True
lyr_00012,mil_0012,False
lyr_00925,mil_0925,False
lyr_00516,mil_0516,False
lyr_09671,mil_3291,True
lyr_01776,mil_1787,True
lyr_01887,mil_1787,True
lyr_03335,mil_4072,True
lyr_00826,mil_0826,False
lyr_06184,mil_0164,True
lyr_10691,mil_3795,True
lyr_00995,mil_0995,False
lyr_09005,mil_0565,True
lyr_03088,mil_1162,True
lyr_06284,mil_0249,True
lyr_09854,mil_3291,True
lyr_05513,mil_1479,True
lyr_10870,mil_1007,True
lyr_10647,mil_3520,True
lyr_00692,mil_0692,False
lyr_00420,mil_0420,False
lyr_03650,mil_0295,True
lyr_00790,mil_0790,False
lyr_00644,mil_0644,False
lyr_00619,mil_0619,False
lyr_00535,mil_0535,False
lyr_06201,mil_2406,True
lyr_01669,mil_1787,True
lyr_10181,mil_1787,True
lyr_00300,mil_0300,False
lyr_02669,mil_1928,True
lyr_00340,mil_0340,False
lyr_01017,mil_1017,False
lyr_00613,mil_0613,False
lyr_01090,mil_1090,False
lyr_00677,mil_0677,False
lyr_07920,mil_3112,True
lyr_01915,mil_1787,True
lyr_01905,mil_1787,True
lyr_12147,mil_2300,True
lyr_01151,mil_2759,True
lyr_00044,mil_0044,False
lyr_02529,mil_0534,True
lyr_00097,mil_0097,False
lyr_01048,mil_1048,False
lyr_00332,mil_0332,False
lyr_00165,mil_0165,False
lyr_00818,mil_0818,False
lyr_00511,mil_0511,False
lyr_09910,mil_3291,True
lyr_00599,mil_0599,False
lyr_06273,mil_0244,True
lyr_00820,mil_0820,False
lyr_03447,mil_2430,True
lyr_09003,mil_0052,True
lyr_06188,mil_0035,True
lyr_04000,mil_4319,True
lyr_00514,mil_0514,False
lyr_00162,mil_0162,False
lyr_00541,mil_0541,False
lyr_00365,mil_0365,False
lyr_01058,mil_1058,False
lyr_00646,mil_0646,False
lyr_03803,mil_4319,True
lyr_11942,mil_2175,True
lyr_00112,mil_0112,False
lyr_03313,mil_3511,True
lyr_08991,mil_0565,True
lyr_00171,mil_0171,False
lyr_11218,mil_1255,True
lyr_00642,mil_0908,True
lyr_00371,mil_0371,False
lyr_00562,mil_0562,False
lyr_00971,mil_0971,False
lyr_02695,mil_2305,True
lyr_00031,mil_0031,False
lyr_09609,mil_1007,True
lyr_02744,mil_4751,True
lyr_00678,mil_0678,False
lyr_01055,mil_1055,False
lyr_04192,mil_2932,True
lyr_06353,mil_0035,True
lyr_01051,mil_1051,False
lyr_06258,mil_1255,True
lyr_06359,mil_2595,True
lyr_02028,mil_4066,True
lyr_07711,mil_3112,True
lyr_04019,mil_1816,True
lyr_12155,mil_4017,True
lyr_00219,mil_0219,False
lyr_10875,mil_1007,True
lyr_07896,mil_1365,True
lyr_02033,mil_4066,True
lyr_00912,mil_0912,False
lyr_09309,mil_2384,True
lyr_05652,mil_2009,True
lyr_00307,mil_1928,True
lyr_00153,mil_0153,False
lyr_00529,mil_0529,False
lyr_06280,mil_0249,True
lyr_00778,mil_0778,False
lyr_07205,mil_1739,True
lyr_00729,mil_0729,False
lyr_00929,mil_0929,False
lyr_00890,mil_0890,False
lyr_10891,mil_0143,True
lyr_00769,mil_0769,False
lyr_00220,mil_0220,False
lyr_06410,mil_0565,True
lyr_00325,mil_0325,False
lyr_09425,mil_0035,True
lyr_05624,mil_2009,True
lyr_00577,mil_0577,False
lyr_05545,mil_0440,True
lyr_09921,mil_3310,True
lyr_00607,mil_0607,False
lyr_06068,mil_1678,True
lyr_00848,mil_3772,True
lyr_01019,mil_1019,False
lyr_00464,mil_0464,False
lyr_00185,mil_0185,False
lyr_00518,mil_0518,False
lyr_00335,mil_0335,False
lyr_01723,mil_1787,True
lyr_06239,mil_2806,True
lyr_11193,mil_0035,True
lyr_09467,mil_0565,True
lyr_00449,mil_1928,True
lyr_00285,mil_0285,False
lyr_10773,mil_3830,True
lyr_00620,mil_0620,False
lyr_06358,mil_3645,True
lyr_00751,mil_0751,False
lyr_09639,mil_3252,True
lyr_00969,mil_0969,False
lyr_00053,mil_0053,False
lyr_00412,mil_0412,False
lyr_00457,mil_1191,True
lyr_00226,mil_0226,False
lyr_00117,mil_0117,False
lyr_00096,mil_0096,False
lyr_01086,mil_1086,False
lyr_05721,mil_2543,True
lyr_03906,mil_4319,True
lyr_01100,mil_1100,False
lyr_00857,mil_0857,False
lyr_00428,mil_0428,False
lyr_02677,mil_1928,True
lyr_00227,mil_0227,False
lyr_09085,mil_3465,True
lyr_00700,mil_0700,False
lyr_03971,mil_0490,True
lyr_00103,mil_0103,False
lyr_00538,mil_0538,False
lyr_00388,mil_0388,False
lyr_04301,mil_4319,True
lyr_00768,mil_0768,False
lyr_01063,mil_1063,False
lyr_09559,mil_1851,True
lyr_09745,mil_3291,True
lyr_00485,mil_0485,False
lyr_00034,mil_0034,False
lyr_00210,mil_0210,False
lyr_03052,mil_1812,True
lyr_00189,mil_0189,False
lyr_07879,mil_2102,True
lyr_09655,mil_3291,True
lyr_00831,mil_3772,True
lyr_08886,mil_1443,True
lyr_00413,mil_0413,False
lyr_09517,mil_2584,True
lyr_01633,mil_1787,True
lyr_06313,mil_1851,True
lyr_00608,mil_0608,False
lyr_00831,mil_0831,False
lyr_00862,mil_0862,False
lyr_08911,mil_0493,True
lyr_00930,mil_0930,False
lyr_00896,mil_0896,False
lyr_06305,mil_2806,True
lyr_00698,mil_0698,False
lyr_00145,mil_0145,False
lyr_04683,mil_0011,True
lyr_00532,mil_0532,False
lyr_08916,mil_0762,True
lyr_11203,mil_2806,True
lyr_09825,mil_3291,True
lyr_00801,mil_0801,False
lyr_06173,mil_1627,True
lyr_06387,mil_1851,True
lyr_00057,mil_0057,False
lyr_00981,mil_0981,False
lyr_04996,mil_0011,True
lyr_05687,mil_2009,True
lyr_08033,mil_1000,True
lyr_09937,mil_1255,True
lyr_01865,mil_1787,True
lyr_00885,mil_0885,False
lyr_00614,mil_0614,False
lyr_00718,mil_0718,False
lyr_00045,mil_0045,False
lyr_03498,mil_1950,True
lyr_00276,mil_0276,False
lyr_09933,mil_0035,True
lyr_00429,,False
lyr_11867,mil_1540,True
lyr_00213,mil_1852,True
lyr_01841,mil_1787,True
lyr_00273,mil_0273,False
lyr_11050,mil_2193,True
lyr_10300,mil_1787,True
lyr_09025,mil_0565,True
lyr_09315,mil_4374,True
lyr_05724,mil_2009,True
lyr_07086,mil_1292,True
lyr_03221,mil_4022,True
lyr_00634,mil_0634,False
lyr_01047,mil_1047,False
lyr_00663,mil_0663,False
lyr_00226,mil_1928,True
lyr_01084,mil_1084,False
lyr_00196,mil_0196,False
lyr_00984,mil_0984,False
lyr_04122,mil_0040,True
lyr_03095,mil_1162,True
lyr_00071,mil_0071,False
lyr_00202,mil_0202,False
lyr_01033,mil_1033,False
lyr_00715,mil_0715,False
lyr_00055,mil_0055,False
lyr_05572,mil_3375,True
lyr_01418,mil_0721,True
lyr_00673,mil_0673,False
lyr_04161,mil_0490,True
lyr_00710,mil_0710,False
lyr_01040,mil_1040,False
lyr_06193,mil_1627,True
lyr_11196,mil_1851,True
lyr_00901,mil_0901,False
lyr_00217,mil_0217,False
lyr_00748,mil_0748,False
lyr_07221,mil_1739,True
lyr_06314,mil_1255,True
lyr_00489,mil_0489,False
lyr_00913,mil_0913,False
lyr_00410,mil_0410,False
lyr_05579,mil_2543,True
lyr_04878,mil_0011,True
lyr_06249,mil_2653,True
lyr_00151,mil_0151,False
lyr_11890,mil_1540,True
lyr_04112,mil_3431,True
lyr_00541,mil_1191,True
lyr_00079,mil_0079,False
lyr_06348,mil_0035,True
lyr_00853,mil_4469,True
lyr_01000,mil_1000,False
lyr_00822,mil_0822,False
lyr_05552,mil_1479,True
lyr_09866,mil_3291,True
lyr_00403,mil_0403,False
lyr_11286,mil_0565,True
lyr_01094,mil_1094,False
lyr_01045,mil_1045,False
lyr_11345,mil_1079,True
lyr_00985,mil_0985,False
lyr_00141,mil_0141,False
lyr_05734,mil_2009,True
lyr_00260,mil_0260,False
lyr_03183,mil_0295,True
lyr_00584,mil_0584,False
lyr_06237,mil_0762,True
lyr_00176,mil_2650,True
lyr_07800,mil_3112,True
lyr_00439,mil_0439,False
lyr_03902,mil_4319,True
lyr_01082,mil_1082,False
lyr_00418,mil_0418,False
lyr_05665,mil_2009,True
lyr_08469,mil_4789,True
lyr_04153,mil_4319,True
lyr_01440,mil_0721,True
lyr_00537,mil_0537,False
lyr_09547,mil_0565,True
lyr_02576,mil_1928,True
lyr_11675,mil_1540,True
lyr_10426,mil_1787,True
lyr_07113,mil_0352,True
lyr_01077,mil_1077,False
lyr_00662,mil_0662,False
lyr_00911,mil_0911,False
lyr_06969,mil_3753,True
lyr_01154,mil_2759,True
lyr_10688,mil_2653,True
lyr_00170,mil_0170,False
